invoice_id,branch,category,quantity,unit_price,total,payment,rating,date
INV-0001,A,Beauty,7,108.04,756.28,Cash,5.5,2024-02-14
INV-0002,C,Food,7,270.1,1890.7,Ewallet,4.5,2024-11-15
INV-0003,C,Beauty,4,216.6,866.4,Ewallet,5.3,2024-07-10
INV-0004,C,Beauty,4,84.62,338.48,Cash,9.1,2024-06-22
INV-0005,A,Electronics,9,341.91,3077.19,Credit card,5.9,2024-01-22
INV-0006,A,Food,9,13.73,123.57,Credit card,9.9,2024-09-30
INV-0007,A,Electronics,8,264.14,2113.12,Ewallet,6.8,2024-01-27
INV-0008,C,Food,3,115.75,347.25,Cash,8.5,2024-08-14
INV-0009,C,Sports,3,472.52,1417.56,Cash,4.2,2024-01-12
INV-0010,B,Clothing,8,345.09,2760.72,Cash,9.6,2024-11-19
INV-0011,A,Electronics,3,161.81,485.43,Credit card,6.0,2024-09-24
INV-0012,A,Beauty,4,450.99,1803.96,Ewallet,5.3,2024-05-11
INV-0013,A,Sports,7,414.32,2900.24,Credit card,9.6,2024-08-31
INV-0014,C,Electronics,3,371.89,1115.67,Ewallet,8.7,2024-03-18
INV-0015,A,Sports,7,70.94,496.58,Cash,5.8,2024-03-31
INV-0016,C,Beauty,3,462.83,1388.49,Credit card,8.6,2024-04-29
INV-0017,B,Food,2,430.35,860.7,Cash,8.1,2024-09-13
INV-0018,A,Food,1,296.99,296.99,Credit card,5.3,2024-07-23
INV-0019,B,Food,7,199.11,1393.77,Ewallet,4.6,2024-01-20
INV-0020,A,Food,7,387.7,2713.9,Credit card,9.1,2024-04-25
INV-0021,C,Food,2,438.37,876.74,Credit card,5.3,2024-12-30
INV-0022,A,Clothing,7,155.22,1086.54,Credit card,6.5,2024-05-11
INV-0023,C,Electronics,9,153.58,1382.22,Credit card,8.7,2024-09-30
INV-0024,B,Clothing,5,221.15,1105.75,Credit card,9.8,2024-11-08
INV-0025,C,Clothing,5,195.69,978.45,Ewallet,9.2,2024-11-12
INV-0026,A,Beauty,4,196.11,784.44,Credit card,4.0,2024-06-30
INV-0027,C,Food,4,446.75,1787.0,Cash,8.7,2024-05-13
INV-0028,B,Beauty,4,210.04,840.16,Ewallet,6.4,2024-02-27
INV-0029,C,Sports,9,109.22,982.98,Credit card,9.7,2024-03-26
INV-0030,B,Sports,8,467.21,3737.68,Ewallet,9.1,2024-08-01
INV-0031,C,Beauty,9,270.21,2431.89,Ewallet,9.0,2024-11-06
INV-0032,A,Food,4,372.22,1488.88,Credit card,4.5,2024-01-17
INV-0033,C,Electronics,7,156.86,1098.02,Ewallet,9.7,2024-10-28
INV-0034,A,Sports,5,105.06,525.3,Credit card,6.4,2024-03-29
INV-0035,A,Food,8,171.24,1369.92,Credit card,9.2,2024-12-21
INV-0036,C,Beauty,7,285.32,1997.24,Cash,6.2,2024-04-16
INV-0037,C,Food,8,290.61,2324.88,Credit card,5.1,2024-09-02
INV-0038,A,Sports,8,335.86,2686.88,Ewallet,5.4,2024-08-23
INV-0039,B,Sports,1,66.29,66.29,Cash,6.0,2024-01-03
INV-0040,A,Sports,9,144.92,1304.28,Ewallet,5.9,2024-05-13
INV-0041,A,Clothing,3,298.19,894.57,Credit card,4.2,2024-06-24
INV-0042,B,Sports,4,282.08,1128.32,Cash,9.0,2024-01-30
INV-0043,A,Beauty,4,404.62,1618.48,Credit card,5.0,2024-05-21
INV-0044,A,Food,2,284.25,568.5,Ewallet,5.0,2024-06-30
INV-0045,A,Sports,2,374.28,748.56,Ewallet,4.8,2024-03-11
INV-0046,C,Clothing,9,52.39,471.51,Ewallet,6.3,2024-06-30
INV-0047,C,Clothing,10,308.05,3080.5,Cash,6.0,2024-01-28
INV-0048,A,Food,7,102.12,714.84,Ewallet,4.7,2024-09-11
INV-0049,C,Sports,1,123.24,123.24,Cash,8.7,2024-04-30
INV-0050,C,Sports,8,369.17,2953.36,Cash,9.3,2024-03-23
INV-0051,B,Clothing,8,192.83,1542.64,Ewallet,4.3,2024-07-22
INV-0052,A,Electronics,5,474.81,2374.05,Cash,9.3,2024-10-11
INV-0053,B,Food,5,70.57,352.85,Cash,4.2,2024-03-24
INV-0054,C,Sports,6,424.82,2548.92,Credit card,8.8,2024-01-18
INV-0055,C,Beauty,5,309.03,1545.15,Cash,8.2,2024-01-10
INV-0056,C,Food,7,215.36,1507.52,Cash,5.0,2024-07-27
INV-0057,B,Electronics,4,128.46,513.84,Cash,9.1,2024-02-18
INV-0058,A,Beauty,1,287.13,287.13,Cash,4.8,2024-04-02
INV-0059,B,Food,1,494.71,494.71,Cash,7.5,2024-08-08
INV-0060,A,Clothing,1,467.01,467.01,Ewallet,6.4,2024-08-16
INV-0061,B,Electronics,3,298.23,894.69,Credit card,4.8,2024-11-09
INV-0062,A,Electronics,6,255.96,1535.76,Ewallet,7.4,2024-04-16
INV-0063,A,Electronics,7,309.58,2167.06,Cash,6.9,2024-05-07
INV-0064,C,Clothing,5,92.24,461.2,Ewallet,8.8,2024-10-05
INV-0065,A,Electronics,4,127.85,511.4,Ewallet,8.2,2024-07-21
INV-0066,B,Sports,9,45.52,409.68,Credit card,8.6,2024-06-20
INV-0067,C,Beauty,4,57.55,230.2,Cash,9.7,2024-08-11
INV-0068,A,Electronics,6,102.92,617.52,Ewallet,5.8,2024-05-17
INV-0069,B,Food,1,292.85,292.85,Cash,8.4,2024-02-28
INV-0070,C,Clothing,6,200.73,1204.38,Credit card,7.2,2024-04-11
INV-0071,A,Beauty,1,472.34,472.34,Credit card,5.4,2024-11-07
INV-0072,B,Electronics,7,18.85,131.95,Credit card,5.5,2024-03-19
INV-0073,A,Electronics,1,24.23,24.23,Cash,6.1,2024-05-11
INV-0074,C,Electronics,1,222.69,222.69,Credit card,4.5,2024-07-08
INV-0075,B,Beauty,7,283.59,1985.13,Ewallet,9.4,2024-05-14
INV-0076,B,Food,6,406.12,2436.72,Ewallet,5.5,2024-01-18
INV-0077,A,Clothing,5,169.77,848.85,Credit card,9.3,2024-11-14
INV-0078,C,Sports,4,114.2,456.8,Credit card,7.1,2024-11-04
INV-0079,A,Food,2,390.59,781.18,Ewallet,4.1,2024-09-10
INV-0080,B,Beauty,7,399.07,2793.49,Ewallet,10.0,2024-11-05
INV-0081,B,Sports,2,458.91,917.82,Cash,4.4,2024-05-23
INV-0082,C,Beauty,8,175.86,1406.88,Cash,8.2,2024-01-25
INV-0083,B,Sports,2,320.78,641.56,Cash,6.5,2024-12-05
INV-0084,A,Sports,10,18.68,186.8,Credit card,5.3,2024-12-07
INV-0085,B,Electronics,1,498.67,498.67,Cash,9.0,2024-12-19
INV-0086,A,Food,3,355.78,1067.34,Credit card,9.1,2024-08-02
INV-0087,C,Beauty,2,48.07,96.14,Credit card,5.5,2024-03-22
INV-0088,C,Food,2,27.21,54.42,Cash,5.5,2024-07-19
INV-0089,A,Clothing,5,302.89,1514.45,Ewallet,5.8,2024-08-17
INV-0090,A,Food,9,133.95,1205.55,Credit card,5.7,2024-04-07
INV-0091,C,Food,9,73.09,657.81,Cash,7.7,2024-11-04
INV-0092,B,Sports,2,121.13,242.26,Cash,7.4,2024-06-21
INV-0093,A,Beauty,10,398.78,3987.8,Credit card,4.5,2024-08-22
INV-0094,A,Electronics,2,12.35,24.7,Cash,5.8,2024-02-28
INV-0095,A,Clothing,5,356.96,1784.8,Ewallet,8.1,2024-04-07
INV-0096,A,Electronics,10,64.66,646.6,Cash,5.8,2024-06-20
INV-0097,B,Sports,1,227.07,227.07,Credit card,7.3,2024-06-27
INV-0098,C,Clothing,6,74.05,444.3,Credit card,8.2,2024-10-10
INV-0099,C,Clothing,4,407.37,1629.48,Ewallet,7.6,2024-08-31
INV-0100,A,Clothing,10,180.3,1803.0,Ewallet,7.1,2024-09-30
INV-0101,C,Food,1,18.04,18.04,Credit card,4.9,2024-08-11
INV-0102,C,Electronics,2,271.63,543.26,Ewallet,5.8,2024-07-04
INV-0103,C,Clothing,9,171.16,1540.44,Cash,8.4,2024-05-31
INV-0104,C,Electronics,6,217.58,1305.48,Cash,4.2,2024-11-17
INV-0105,C,Electronics,8,201.59,1612.72,Ewallet,6.3,2024-10-30
INV-0106,A,Beauty,5,61.49,307.45,Credit card,4.8,2024-05-14
INV-0107,B,Electronics,1,190.19,190.19,Ewallet,5.4,2024-03-04
INV-0108,B,Sports,5,497.05,2485.25,Credit card,9.4,2024-03-10
INV-0109,C,Clothing,5,485.34,2426.7,Cash,7.3,2024-09-30
INV-0110,C,Food,3,131.0,393.0,Ewallet,4.8,2024-06-04
INV-0111,B,Beauty,7,55.31,387.17,Cash,9.4,2024-04-26
INV-0112,B,Beauty,2,254.9,509.8,Cash,8.7,2024-01-20
INV-0113,A,Clothing,8,407.5,3260.0,Credit card,7.4,2024-03-07
INV-0114,A,Food,9,488.81,4399.29,Cash,9.0,2024-01-08
INV-0115,B,Beauty,4,325.18,1300.72,Credit card,7.8,2024-01-02
INV-0116,A,Clothing,1,307.5,307.5,Ewallet,6.6,2024-03-05
INV-0117,C,Sports,8,151.37,1210.96,Cash,8.6,2024-01-17
INV-0118,C,Food,1,316.35,316.35,Cash,7.4,2024-07-09
INV-0119,B,Beauty,3,149.27,447.81,Ewallet,9.3,2024-12-19
INV-0120,B,Electronics,6,292.25,1753.5,Ewallet,9.0,2024-12-07
INV-0121,B,Beauty,5,97.0,485.0,Credit card,9.0,2024-07-18
INV-0122,B,Beauty,5,479.43,2397.15,Credit card,4.0,2024-03-29
INV-0123,C,Electronics,5,123.58,617.9,Ewallet,9.0,2024-03-22
INV-0124,B,Sports,4,156.88,627.52,Credit card,6.2,2024-03-23
INV-0125,A,Food,6,393.47,2360.82,Cash,7.3,2024-08-25
INV-0126,C,Food,8,318.62,2548.96,Ewallet,5.1,2024-10-17
INV-0127,B,Clothing,10,33.64,336.4,Ewallet,8.0,2024-03-19
INV-0128,C,Beauty,4,255.07,1020.28,Credit card,9.9,2024-08-04
INV-0129,A,Sports,6,170.96,1025.76,Ewallet,4.4,2024-04-24
INV-0130,A,Clothing,7,86.78,607.46,Ewallet,6.4,2024-04-27
INV-0131,C,Food,2,100.43,200.86,Cash,4.5,2024-08-29
INV-0132,B,Beauty,4,367.25,1469.0,Credit card,6.0,2024-01-04
INV-0133,B,Clothing,9,496.32,4466.88,Ewallet,9.2,2024-08-10
INV-0134,A,Food,5,370.99,1854.95,Ewallet,9.5,2024-09-03
INV-0135,A,Sports,6,348.64,2091.84,Credit card,9.9,2024-08-25
INV-0136,B,Clothing,8,346.45,2771.6,Ewallet,7.6,2024-10-01
INV-0137,A,Beauty,10,237.35,2373.5,Credit card,4.2,2024-12-11
INV-0138,B,Beauty,4,69.44,277.76,Cash,6.3,2024-06-09
INV-0139,A,Electronics,4,71.93,287.72,Ewallet,6.6,2024-10-03
INV-0140,C,Electronics,2,71.9,143.8,Cash,4.8,2024-04-22
INV-0141,A,Food,1,179.5,179.5,Cash,8.6,2024-01-20
INV-0142,A,Clothing,4,470.36,1881.44,Cash,7.1,2024-01-04
INV-0143,B,Clothing,8,139.53,1116.24,Credit card,6.1,2024-06-21
INV-0144,B,Clothing,5,18.52,92.6,Cash,5.0,2024-01-22
INV-0145,B,Clothing,7,457.92,3205.44,Credit card,6.0,2024-12-28
INV-0146,C,Beauty,6,330.42,1982.52,Credit card,7.9,2024-01-08
INV-0147,C,Beauty,1,134.95,134.95,Cash,6.0,2024-01-15
INV-0148,C,Beauty,6,348.1,2088.6,Cash,5.0,2024-07-02
INV-0149,B,Food,10,176.15,1761.5,Credit card,9.5,2024-05-15
INV-0150,A,Beauty,3,305.49,916.47,Ewallet,5.9,2024-10-02
INV-0151,A,Electronics,2,337.44,674.88,Cash,8.1,2024-02-27
INV-0152,A,Food,7,432.41,3026.87,Cash,4.3,2024-03-08
INV-0153,B,Sports,5,403.47,2017.35,Cash,9.1,2024-01-04
INV-0154,B,Food,6,103.43,620.58,Credit card,8.4,2024-04-01
INV-0155,C,Clothing,10,394.21,3942.1,Cash,7.9,2024-03-20
INV-0156,B,Electronics,5,493.66,2468.3,Cash,4.4,2024-05-27
INV-0157,B,Food,10,136.85,1368.5,Cash,4.4,2024-05-09
INV-0158,A,Beauty,2,414.19,828.38,Ewallet,5.1,2024-11-22
INV-0159,B,Sports,4,165.19,660.76,Credit card,4.8,2024-11-11
INV-0160,C,Clothing,4,465.56,1862.24,Credit card,5.7,2024-04-10
INV-0161,B,Beauty,4,445.45,1781.8,Ewallet,4.2,2024-04-21
INV-0162,A,Food,8,394.6,3156.8,Cash,7.3,2024-01-20
INV-0163,B,Clothing,1,494.7,494.7,Credit card,4.1,2024-02-14
INV-0164,A,Clothing,1,131.92,131.92,Cash,4.4,2024-01-10
INV-0165,A,Food,6,391.83,2350.98,Credit card,6.3,2024-01-25
INV-0166,C,Beauty,3,239.89,719.67,Credit card,5.9,2024-02-09
INV-0167,C,Food,3,347.61,1042.83,Credit card,7.6,2024-11-22
INV-0168,C,Clothing,4,31.82,127.28,Credit card,8.5,2024-04-30
INV-0169,C,Sports,8,64.25,514.0,Credit card,8.5,2024-03-04
INV-0170,A,Electronics,3,245.44,736.32,Cash,5.2,2024-03-28
INV-0171,B,Beauty,2,298.11,596.22,Cash,8.7,2024-04-16
INV-0172,C,Sports,9,18.84,169.56,Credit card,8.1,2024-08-20
INV-0173,B,Sports,5,374.6,1873.0,Ewallet,6.6,2024-10-13
INV-0174,B,Beauty,9,178.69,1608.21,Cash,8.8,2024-11-07
INV-0175,C,Electronics,3,43.49,130.47,Cash,5.0,2024-04-30
INV-0176,B,Sports,3,266.49,799.47,Ewallet,5.7,2024-01-09
INV-0177,B,Food,7,101.04,707.28,Ewallet,4.3,2024-11-03
INV-0178,B,Clothing,9,375.88,3382.92,Cash,9.7,2024-11-18
INV-0179,B,Beauty,6,288.7,1732.2,Cash,6.1,2024-12-10
INV-0180,B,Clothing,4,337.35,1349.4,Cash,7.7,2024-10-30
INV-0181,A,Electronics,8,352.13,2817.04,Credit card,5.7,2024-05-11
INV-0182,C,Beauty,3,115.37,346.11,Credit card,8.5,2024-09-24
INV-0183,B,Beauty,5,18.63,93.15,Cash,8.6,2024-07-12
INV-0184,C,Clothing,10,272.97,2729.7,Cash,4.8,2024-09-19
INV-0185,B,Sports,10,99.03,990.3,Cash,4.9,2024-01-13
INV-0186,C,Sports,2,246.11,492.22,Credit card,5.8,2024-09-15
INV-0187,C,Beauty,10,439.88,4398.8,Credit card,10.0,2024-11-09
INV-0188,C,Electronics,8,293.39,2347.12,Ewallet,6.2,2024-06-25
INV-0189,A,Food,2,347.98,695.96,Ewallet,9.7,2024-03-23
INV-0190,A,Clothing,5,449.31,2246.55,Cash,7.4,2024-01-23
INV-0191,C,Food,4,197.57,790.28,Credit card,9.0,2024-01-30
INV-0192,A,Clothing,4,298.98,1195.92,Credit card,5.1,2024-08-11
INV-0193,B,Sports,3,112.55,337.65,Credit card,8.9,2024-02-12
INV-0194,A,Electronics,6,394.59,2367.54,Cash,9.0,2024-02-09
INV-0195,B,Electronics,7,131.02,917.14,Credit card,5.2,2024-10-13
INV-0196,C,Food,10,221.55,2215.5,Ewallet,6.0,2024-03-28
INV-0197,A,Beauty,3,374.21,1122.63,Credit card,6.8,2024-05-09
INV-0198,C,Food,7,181.82,1272.74,Ewallet,4.3,2024-09-08
INV-0199,C,Sports,9,20.52,184.68,Credit card,7.2,2024-12-11
INV-0200,C,Clothing,2,226.41,452.82,Credit card,6.9,2024-04-06
INV-0201,C,Clothing,2,131.6,263.2,Credit card,5.0,2024-11-28
INV-0202,C,Clothing,6,197.63,1185.78,Ewallet,6.1,2024-02-02
INV-0203,A,Sports,10,320.25,3202.5,Cash,6.5,2024-07-25
INV-0204,C,Clothing,1,449.01,449.01,Credit card,5.2,2024-07-05
INV-0205,B,Electronics,4,241.56,966.24,Credit card,7.7,2024-07-19
INV-0206,C,Clothing,1,46.14,46.14,Ewallet,4.3,2024-06-11
INV-0207,C,Sports,5,236.96,1184.8,Cash,6.8,2024-03-21
INV-0208,A,Food,7,170.99,1196.93,Ewallet,5.6,2024-09-02
INV-0209,B,Sports,10,299.28,2992.8,Cash,5.2,2024-02-14
INV-0210,A,Beauty,9,85.26,767.34,Ewallet,8.7,2024-06-18
INV-0211,B,Electronics,8,255.04,2040.32,Ewallet,7.6,2024-11-15
INV-0212,A,Clothing,1,378.14,378.14,Credit card,5.4,2024-04-25
INV-0213,A,Food,3,323.63,970.89,Credit card,5.7,2024-08-28
INV-0214,B,Clothing,7,226.88,1588.16,Cash,7.1,2024-11-22
INV-0215,A,Electronics,6,121.12,726.72,Credit card,4.1,2024-12-18
INV-0216,B,Clothing,7,261.28,1828.96,Ewallet,6.6,2024-07-13
INV-0217,A,Food,4,386.18,1544.72,Credit card,7.5,2024-03-25
INV-0218,A,Sports,3,383.55,1150.65,Ewallet,6.1,2024-01-19
INV-0219,A,Food,5,444.75,2223.75,Ewallet,4.5,2024-12-02
INV-0220,A,Electronics,5,57.59,287.95,Ewallet,9.2,2024-09-24
INV-0221,B,Electronics,5,257.3,1286.5,Cash,4.9,2024-03-10
INV-0222,C,Food,2,169.65,339.3,Credit card,9.3,2024-08-08
INV-0223,C,Electronics,4,440.95,1763.8,Credit card,8.2,2024-06-25
INV-0224,B,Sports,10,142.0,1420.0,Ewallet,4.7,2024-01-08
INV-0225,A,Clothing,10,29.5,295.0,Credit card,7.1,2024-09-26
INV-0226,B,Clothing,10,322.27,3222.7,Ewallet,6.7,2024-04-11
INV-0227,B,Beauty,10,175.03,1750.3,Cash,4.0,2024-10-28
INV-0228,A,Electronics,6,203.06,1218.36,Credit card,5.8,2024-02-16
INV-0229,B,Clothing,10,35.28,352.8,Ewallet,6.0,2024-04-09
INV-0230,A,Clothing,4,359.23,1436.92,Cash,4.3,2024-01-24
INV-0231,B,Electronics,6,24.76,148.56,Credit card,5.6,2024-07-08
INV-0232,B,Clothing,9,119.58,1076.22,Cash,8.5,2024-10-24
INV-0233,A,Food,4,445.79,1783.16,Credit card,9.7,2024-01-01
INV-0234,C,Electronics,2,308.38,616.76,Cash,9.5,2024-12-05
INV-0235,C,Beauty,3,119.61,358.83,Cash,8.9,2024-05-07
INV-0236,B,Food,8,444.44,3555.52,Cash,5.5,2024-04-13
INV-0237,B,Beauty,5,197.65,988.25,Credit card,6.9,2024-11-04
INV-0238,B,Sports,9,117.8,1060.2,Ewallet,7.8,2024-03-12
INV-0239,C,Food,4,293.69,1174.76,Credit card,9.2,2024-05-15
INV-0240,B,Beauty,9,154.25,1388.25,Credit card,5.2,2024-03-30
INV-0241,B,Food,2,155.78,311.56,Credit card,8.0,2024-04-09
INV-0242,B,Beauty,2,206.45,412.9,Cash,9.9,2024-10-31
INV-0243,C,Beauty,4,36.23,144.92,Credit card,7.5,2024-12-16
INV-0244,A,Sports,4,26.9,107.6,Credit card,7.0,2024-04-28
INV-0245,B,Sports,5,128.3,641.5,Ewallet,9.9,2024-10-24
INV-0246,B,Beauty,2,57.82,115.64,Cash,9.3,2024-04-14
INV-0247,A,Sports,4,332.04,1328.16,Cash,7.3,2024-09-16
INV-0248,A,Clothing,6,83.59,501.54,Cash,6.2,2024-05-15
INV-0249,B,Electronics,2,105.14,210.28,Ewallet,5.8,2024-11-16
INV-0250,B,Clothing,6,151.56,909.36,Ewallet,4.5,2024-07-25
INV-0251,B,Electronics,6,312.37,1874.22,Ewallet,9.3,2024-06-30
INV-0252,B,Clothing,3,418.03,1254.09,Credit card,6.1,2024-07-23
INV-0253,B,Clothing,8,241.6,1932.8,Credit card,7.7,2024-08-11
INV-0254,A,Clothing,10,246.55,2465.5,Cash,7.5,2024-03-20
INV-0255,B,Beauty,5,92.95,464.75,Ewallet,6.3,2024-01-08
INV-0256,A,Sports,5,30.15,150.75,Ewallet,4.0,2024-08-05
INV-0257,C,Beauty,5,301.96,1509.8,Credit card,4.7,2024-11-19
INV-0258,B,Clothing,8,396.56,3172.48,Credit card,5.3,2024-03-08
INV-0259,B,Electronics,8,10.39,83.12,Cash,10.0,2024-01-25
INV-0260,C,Beauty,3,25.73,77.19,Cash,5.9,2024-12-20
INV-0261,C,Clothing,6,334.34,2006.04,Credit card,9.2,2024-03-02
INV-0262,A,Sports,5,358.11,1790.55,Credit card,9.8,2024-03-11
INV-0263,A,Food,10,348.16,3481.6,Credit card,6.8,2024-12-12
INV-0264,A,Sports,3,233.67,701.01,Cash,6.4,2024-03-27
INV-0265,C,Electronics,8,201.95,1615.6,Credit card,9.1,2024-01-14
INV-0266,C,Clothing,5,131.67,658.35,Credit card,8.7,2024-01-30
INV-0267,C,Sports,9,351.56,3164.04,Ewallet,5.9,2024-11-01
INV-0268,A,Sports,1,464.12,464.12,Credit card,5.8,2024-03-29
INV-0269,C,Food,2,59.51,119.02,Ewallet,6.3,2024-05-20
INV-0270,B,Clothing,9,106.91,962.19,Credit card,8.5,2024-09-15
INV-0271,B,Electronics,3,283.8,851.4,Credit card,8.2,2024-01-14
INV-0272,A,Beauty,9,341.78,3076.02,Ewallet,6.3,2024-07-18
INV-0273,B,Clothing,2,75.46,150.92,Ewallet,6.5,2024-10-19
INV-0274,A,Electronics,4,181.56,726.24,Cash,5.7,2024-12-12
INV-0275,C,Clothing,10,202.85,2028.5,Credit card,9.5,2024-08-02
INV-0276,B,Electronics,9,401.19,3610.71,Cash,8.2,2024-01-21
INV-0277,B,Electronics,3,26.8,80.4,Cash,5.9,2024-04-15
INV-0278,A,Food,7,103.0,721.0,Cash,8.6,2024-04-03
INV-0279,C,Beauty,2,474.17,948.34,Cash,6.9,2024-05-04
INV-0280,A,Beauty,6,255.79,1534.74,Ewallet,4.9,2024-03-09
INV-0281,C,Electronics,5,249.88,1249.4,Credit card,4.6,2024-05-03
INV-0282,C,Food,1,279.57,279.57,Cash,6.4,2024-02-12
INV-0283,A,Beauty,4,270.17,1080.68,Cash,5.4,2024-10-01
INV-0284,A,Beauty,2,423.76,847.52,Ewallet,6.2,2024-08-20
INV-0285,B,Electronics,2,430.65,861.3,Credit card,4.1,2024-08-16
INV-0286,C,Beauty,6,123.73,742.38,Credit card,9.1,2024-08-13
INV-0287,C,Beauty,7,64.4,450.8,Cash,4.8,2024-02-03
INV-0288,B,Sports,3,168.51,505.53,Ewallet,9.8,2024-11-25
INV-0289,A,Food,1,178.39,178.39,Ewallet,5.5,2024-01-07
INV-0290,C,Electronics,5,245.42,1227.1,Credit card,5.0,2024-11-30
INV-0291,C,Beauty,10,103.52,1035.2,Ewallet,8.0,2024-05-27
INV-0292,A,Electronics,1,406.6,406.6,Credit card,8.8,2024-10-21
INV-0293,C,Sports,6,18.17,109.02,Credit card,9.0,2024-01-13
INV-0294,B,Food,6,356.18,2137.08,Credit card,5.3,2024-08-03
INV-0295,B,Food,1,101.12,101.12,Credit card,7.7,2024-07-23
INV-0296,B,Beauty,3,427.92,1283.76,Ewallet,6.9,2024-06-10
INV-0297,C,Beauty,8,417.92,3343.36,Credit card,6.2,2024-04-05
INV-0298,C,Electronics,3,26.45,79.35,Ewallet,7.4,2024-05-02
INV-0299,A,Beauty,2,401.38,802.76,Credit card,5.6,2024-01-20
INV-0300,B,Food,3,499.55,1498.65,Ewallet,5.6,2024-03-01
INV-0301,B,Beauty,10,309.32,3093.2,Cash,6.4,2024-01-06
INV-0302,B,Clothing,1,428.75,428.75,Cash,4.7,2024-01-28
INV-0303,C,Beauty,1,263.26,263.26,Ewallet,9.8,2024-11-24
INV-0304,B,Sports,2,35.83,71.66,Credit card,9.0,2024-03-27
INV-0305,C,Clothing,5,347.46,1737.3,Ewallet,4.6,2024-08-18
INV-0306,C,Sports,1,105.65,105.65,Cash,8.8,2024-09-26
INV-0307,C,Clothing,2,186.79,373.58,Cash,8.0,2024-02-17
INV-0308,B,Beauty,1,272.39,272.39,Credit card,4.2,2024-02-12
INV-0309,B,Food,2,413.44,826.88,Cash,8.9,2024-09-05
INV-0310,A,Clothing,4,421.56,1686.24,Cash,7.3,2024-01-06
INV-0311,A,Food,9,120.5,1084.5,Ewallet,9.2,2024-09-04
INV-0312,A,Sports,8,258.01,2064.08,Ewallet,8.9,2024-03-02
INV-0313,A,Sports,6,283.24,1699.44,Credit card,6.5,2024-04-06
INV-0314,B,Electronics,1,262.53,262.53,Cash,6.0,2024-04-01
INV-0315,B,Sports,6,333.92,2003.52,Credit card,7.9,2024-10-31
INV-0316,C,Electronics,3,118.55,355.65,Cash,7.6,2024-12-11
INV-0317,C,Food,4,284.93,1139.72,Ewallet,7.3,2024-11-26
INV-0318,B,Clothing,7,433.15,3032.05,Credit card,7.0,2024-06-19
INV-0319,B,Food,8,425.13,3401.04,Credit card,7.3,2024-12-12
INV-0320,A,Food,10,114.67,1146.7,Credit card,8.8,2024-08-08
INV-0321,B,Electronics,8,143.43,1147.44,Cash,8.6,2024-08-28
INV-0322,C,Clothing,7,281.41,1969.87,Credit card,7.1,2024-05-10
INV-0323,B,Food,7,442.42,3096.94,Ewallet,6.1,2024-03-11
INV-0324,C,Clothing,3,478.75,1436.25,Credit card,7.3,2024-11-14
INV-0325,A,Sports,3,230.86,692.58,Cash,7.3,2024-05-31
INV-0326,C,Electronics,10,39.89,398.9,Credit card,7.9,2024-10-09
INV-0327,B,Beauty,9,291.34,2622.06,Cash,9.6,2024-03-30
INV-0328,A,Food,2,300.48,600.96,Credit card,9.5,2024-06-27
INV-0329,A,Clothing,1,469.55,469.55,Ewallet,4.9,2024-05-06
INV-0330,B,Sports,6,487.55,2925.3,Ewallet,9.3,2024-04-05
INV-0331,B,Sports,2,46.17,92.34,Credit card,5.7,2024-01-01
INV-0332,B,Beauty,6,120.29,721.74,Credit card,5.2,2024-05-30
INV-0333,B,Clothing,9,252.88,2275.92,Cash,9.4,2024-09-12
INV-0334,B,Clothing,9,99.17,892.53,Credit card,8.9,2024-04-03
INV-0335,B,Electronics,8,47.69,381.52,Ewallet,8.6,2024-09-26
INV-0336,C,Food,9,270.71,2436.39,Credit card,6.6,2024-08-05
INV-0337,C,Clothing,2,81.53,163.06,Ewallet,8.8,2024-04-22
INV-0338,B,Sports,10,124.7,1247.0,Credit card,9.8,2024-12-28
INV-0339,C,Clothing,5,124.2,621.0,Credit card,6.8,2024-06-12
INV-0340,B,Electronics,5,131.88,659.4,Cash,9.5,2024-11-17
INV-0341,A,Clothing,7,395.76,2770.32,Credit card,6.4,2024-10-06
INV-0342,B,Food,1,284.61,284.61,Cash,8.8,2024-03-21
INV-0343,A,Electronics,9,301.29,2711.61,Credit card,9.7,2024-06-04
INV-0344,C,Sports,6,35.44,212.64,Credit card,6.0,2024-03-20
INV-0345,B,Beauty,3,290.19,870.57,Ewallet,6.6,2024-02-14
INV-0346,C,Beauty,9,396.13,3565.17,Cash,5.4,2024-05-30
INV-0347,C,Sports,9,464.89,4184.01,Cash,7.7,2024-07-30
INV-0348,C,Electronics,8,349.01,2792.08,Cash,7.4,2024-01-25
INV-0349,B,Electronics,1,415.6,415.6,Cash,6.5,2024-11-07
INV-0350,A,Beauty,2,40.95,81.9,Cash,6.7,2024-11-10
INV-0351,B,Sports,5,143.78,718.9,Credit card,9.0,2024-06-19
INV-0352,C,Beauty,9,134.85,1213.65,Credit card,6.7,2024-01-21
INV-0353,B,Electronics,1,451.1,451.1,Ewallet,6.4,2024-02-15
INV-0354,C,Beauty,10,421.78,4217.8,Cash,5.2,2024-01-05
INV-0355,A,Sports,10,45.11,451.1,Ewallet,6.5,2024-02-18
INV-0356,B,Sports,10,171.21,1712.1,Credit card,6.9,2024-12-03
INV-0357,A,Clothing,1,81.1,81.1,Credit card,4.5,2024-11-06
INV-0358,C,Sports,7,320.58,2244.06,Ewallet,8.5,2024-05-26
INV-0359,A,Food,9,336.67,3030.03,Credit card,8.0,2024-01-22
INV-0360,A,Beauty,5,100.99,504.95,Ewallet,7.8,2024-12-17
INV-0361,C,Clothing,1,211.02,211.02,Ewallet,4.5,2024-07-22
INV-0362,C,Beauty,2,336.0,672.0,Ewallet,9.3,2024-02-19
INV-0363,B,Electronics,9,198.81,1789.29,Cash,6.1,2024-04-12
INV-0364,C,Electronics,9,476.33,4286.97,Credit card,9.2,2024-06-01
INV-0365,C,Clothing,7,88.59,620.13,Cash,8.3,2024-10-11
INV-0366,A,Electronics,4,439.51,1758.04,Cash,8.8,2024-06-08
INV-0367,A,Clothing,5,449.61,2248.05,Cash,7.9,2024-05-20
INV-0368,A,Electronics,7,93.89,657.23,Cash,7.4,2024-10-13
INV-0369,A,Electronics,8,463.7,3709.6,Cash,9.8,2024-10-20
INV-0370,C,Electronics,7,331.88,2323.16,Ewallet,6.4,2024-05-13
INV-0371,A,Clothing,1,56.02,56.02,Credit card,7.8,2024-11-08
INV-0372,B,Clothing,2,483.52,967.04,Credit card,5.4,2024-12-09
INV-0373,B,Clothing,8,97.29,778.32,Ewallet,8.8,2024-12-17
INV-0374,A,Electronics,1,380.93,380.93,Ewallet,9.8,2024-10-19
INV-0375,B,Clothing,2,136.9,273.8,Ewallet,9.1,2024-11-21
INV-0376,B,Food,9,435.9,3923.1,Cash,7.9,2024-01-26
INV-0377,C,Clothing,8,349.88,2799.04,Credit card,8.7,2024-01-04
INV-0378,C,Electronics,2,469.84,939.68,Cash,5.6,2024-08-19
INV-0379,B,Sports,2,149.27,298.54,Cash,4.1,2024-11-21
INV-0380,C,Sports,10,386.78,3867.8,Cash,8.6,2024-04-12
INV-0381,C,Beauty,4,158.33,633.32,Credit card,5.1,2024-12-03
INV-0382,C,Electronics,5,332.08,1660.4,Credit card,8.5,2024-06-15
INV-0383,B,Clothing,7,441.66,3091.62,Cash,6.9,2024-04-06
INV-0384,B,Electronics,6,226.11,1356.66,Credit card,5.3,2024-12-03
INV-0385,C,Beauty,3,120.19,360.57,Credit card,7.2,2024-04-01
INV-0386,A,Clothing,7,241.26,1688.82,Cash,9.8,2024-11-10
INV-0387,A,Clothing,5,394.33,1971.65,Ewallet,4.4,2024-11-22
INV-0388,A,Beauty,9,212.24,1910.16,Ewallet,7.2,2024-09-16
INV-0389,C,Food,2,270.27,540.54,Credit card,10.0,2024-08-01
INV-0390,B,Electronics,10,444.43,4444.3,Ewallet,8.1,2024-01-12
INV-0391,B,Food,9,325.77,2931.93,Ewallet,8.4,2024-05-30
INV-0392,A,Food,2,426.12,852.24,Ewallet,9.6,2024-04-21
INV-0393,C,Clothing,10,465.53,4655.3,Credit card,4.4,2024-01-16
INV-0394,A,Sports,7,13.71,95.97,Ewallet,7.6,2024-08-11
INV-0395,B,Clothing,1,326.98,326.98,Ewallet,10.0,2024-11-29
INV-0396,A,Beauty,7,437.72,3064.04,Credit card,5.9,2024-04-20
INV-0397,B,Clothing,2,400.79,801.58,Credit card,4.9,2024-01-11
INV-0398,A,Sports,9,140.41,1263.69,Credit card,7.3,2024-03-28
INV-0399,A,Beauty,9,400.69,3606.21,Ewallet,7.5,2024-11-10
INV-0400,B,Food,10,307.53,3075.3,Credit card,9.3,2024-01-02
INV-0401,A,Beauty,4,233.97,935.88,Cash,9.9,2024-09-30
INV-0402,C,Electronics,1,359.39,359.39,Ewallet,5.4,2024-07-25
INV-0403,A,Food,1,263.31,263.31,Credit card,5.4,2024-03-22
INV-0404,B,Clothing,6,115.82,694.92,Credit card,6.3,2024-05-30
INV-0405,C,Food,6,131.19,787.14,Credit card,9.3,2024-01-11
INV-0406,B,Beauty,8,414.23,3313.84,Ewallet,6.0,2024-03-28
INV-0407,B,Electronics,7,146.58,1026.06,Cash,8.5,2024-11-01
INV-0408,B,Beauty,6,166.26,997.56,Ewallet,5.8,2024-08-19
INV-0409,A,Food,4,333.82,1335.28,Cash,4.7,2024-05-07
INV-0410,B,Clothing,1,297.4,297.4,Credit card,6.6,2024-08-23
INV-0411,B,Food,6,72.08,432.48,Credit card,5.4,2024-12-26
INV-0412,B,Electronics,10,494.58,4945.8,Cash,5.1,2024-09-17
INV-0413,C,Electronics,10,108.88,1088.8,Ewallet,7.4,2024-12-06
INV-0414,A,Food,7,292.03,2044.21,Cash,8.0,2024-10-17
INV-0415,C,Sports,4,418.31,1673.24,Credit card,9.2,2024-08-04
INV-0416,B,Clothing,10,127.72,1277.2,Credit card,4.6,2024-09-28
INV-0417,B,Electronics,2,318.26,636.52,Cash,7.6,2024-07-12
INV-0418,A,Food,5,472.65,2363.25,Ewallet,4.6,2024-10-06
INV-0419,A,Electronics,3,350.2,1050.6,Credit card,8.1,2024-07-24
INV-0420,C,Sports,8,286.69,2293.52,Credit card,7.7,2024-02-29
INV-0421,C,Clothing,9,474.33,4268.97,Ewallet,7.1,2024-05-01
INV-0422,A,Food,10,336.97,3369.7,Credit card,6.8,2024-08-13
INV-0423,A,Electronics,4,189.56,758.24,Credit card,7.4,2024-08-14
INV-0424,C,Sports,4,280.93,1123.72,Credit card,8.2,2024-11-12
INV-0425,A,Sports,5,110.31,551.55,Cash,4.6,2024-04-30
INV-0426,C,Electronics,6,306.03,1836.18,Cash,5.9,2024-03-03
INV-0427,C,Electronics,10,260.87,2608.7,Credit card,9.8,2024-11-21
INV-0428,C,Clothing,3,264.6,793.8,Ewallet,5.6,2024-02-18
INV-0429,C,Beauty,5,14.5,72.5,Ewallet,9.0,2024-03-21
INV-0430,A,Beauty,5,19.13,95.65,Ewallet,6.8,2024-02-24
INV-0431,B,Food,5,81.68,408.4,Cash,7.2,2024-01-09
INV-0432,C,Beauty,3,388.55,1165.65,Ewallet,8.7,2024-10-17
INV-0433,B,Electronics,4,416.21,1664.84,Ewallet,6.0,2024-02-13
INV-0434,A,Food,6,71.06,426.36,Cash,7.7,2024-11-24
INV-0435,A,Sports,9,177.75,1599.75,Cash,8.1,2024-10-28
INV-0436,C,Beauty,7,137.51,962.57,Ewallet,5.3,2024-06-30
INV-0437,B,Sports,3,294.48,883.44,Credit card,7.4,2024-06-18
INV-0438,C,Beauty,9,415.47,3739.23,Cash,8.7,2024-02-02
INV-0439,A,Sports,6,183.54,1101.24,Cash,4.4,2024-09-19
INV-0440,A,Clothing,10,30.6,306.0,Cash,5.6,2024-12-22
INV-0441,B,Beauty,9,408.06,3672.54,Cash,6.1,2024-06-19
INV-0442,B,Beauty,8,268.29,2146.32,Credit card,6.5,2024-03-18
INV-0443,A,Beauty,2,55.79,111.58,Cash,8.8,2024-08-12
INV-0444,C,Beauty,3,159.73,479.19,Ewallet,6.2,2024-01-25
INV-0445,A,Electronics,4,355.09,1420.36,Cash,7.4,2024-09-13
INV-0446,C,Food,8,186.26,1490.08,Cash,5.9,2024-10-21
INV-0447,A,Beauty,5,179.09,895.45,Ewallet,9.9,2024-07-25
INV-0448,A,Clothing,9,252.67,2274.03,Cash,7.9,2024-08-09
INV-0449,A,Food,1,137.63,137.63,Ewallet,5.8,2024-09-02
INV-0450,A,Clothing,9,210.82,1897.38,Cash,6.5,2024-01-20
INV-0451,B,Electronics,4,321.62,1286.48,Credit card,7.1,2024-12-24
INV-0452,C,Beauty,8,409.78,3278.24,Credit card,6.9,2024-07-21
INV-0453,B,Electronics,8,374.63,2997.04,Cash,8.1,2024-09-26
INV-0454,B,Food,10,34.81,348.1,Ewallet,9.3,2024-01-29
INV-0455,A,Clothing,7,203.32,1423.24,Ewallet,5.5,2024-03-16
INV-0456,A,Electronics,5,372.72,1863.6,Cash,4.8,2024-07-07
INV-0457,B,Food,10,255.66,2556.6,Ewallet,4.5,2024-12-09
INV-0458,A,Sports,2,66.65,133.3,Cash,8.0,2024-06-08
INV-0459,A,Beauty,9,107.12,964.08,Credit card,4.4,2024-09-23
INV-0460,A,Beauty,2,62.86,125.72,Credit card,8.9,2024-04-19
INV-0461,C,Food,6,297.84,1787.04,Ewallet,7.5,2024-10-14
INV-0462,B,Sports,1,170.54,170.54,Cash,6.2,2024-08-31
INV-0463,C,Beauty,7,179.59,1257.13,Credit card,4.7,2024-11-15
INV-0464,B,Sports,5,271.06,1355.3,Credit card,7.0,2024-02-02
INV-0465,A,Electronics,8,400.63,3205.04,Ewallet,5.0,2024-12-06
INV-0466,C,Clothing,9,361.83,3256.47,Cash,4.9,2024-05-03
INV-0467,B,Electronics,5,221.77,1108.85,Ewallet,7.5,2024-12-09
INV-0468,C,Beauty,6,314.35,1886.1,Ewallet,6.9,2024-03-28
INV-0469,A,Beauty,3,251.41,754.23,Ewallet,4.8,2024-09-09
INV-0470,A,Electronics,10,371.64,3716.4,Credit card,5.6,2024-09-23
INV-0471,C,Electronics,4,205.22,820.88,Ewallet,7.7,2024-02-28
INV-0472,B,Sports,9,434.95,3914.55,Credit card,4.9,2024-04-26
INV-0473,A,Clothing,1,364.63,364.63,Credit card,9.8,2024-05-18
INV-0474,C,Food,3,312.54,937.62,Credit card,9.2,2024-06-17
INV-0475,B,Sports,4,205.32,821.28,Cash,7.6,2024-01-15
INV-0476,A,Clothing,2,373.7,747.4,Credit card,7.3,2024-09-22
INV-0477,A,Food,5,133.96,669.8,Credit card,4.6,2024-02-19
INV-0478,C,Clothing,5,139.53,697.65,Credit card,9.3,2024-08-29
INV-0479,C,Clothing,5,388.71,1943.55,Ewallet,9.4,2024-06-25
INV-0480,A,Sports,6,249.16,1494.96,Ewallet,5.9,2024-08-04
INV-0481,B,Food,5,139.83,699.15,Credit card,5.3,2024-01-18
INV-0482,A,Beauty,6,285.97,1715.82,Credit card,5.5,2024-04-02
INV-0483,A,Beauty,1,293.46,293.46,Credit card,9.8,2024-01-05
INV-0484,A,Sports,7,178.91,1252.37,Ewallet,6.3,2024-11-12
INV-0485,B,Clothing,6,43.64,261.84,Credit card,4.8,2024-12-14
INV-0486,C,Beauty,3,367.93,1103.79,Cash,6.9,2024-12-17
INV-0487,B,Electronics,2,30.38,60.76,Credit card,7.1,2024-09-21
INV-0488,C,Beauty,7,148.35,1038.45,Cash,7.8,2024-08-14
INV-0489,C,Sports,8,67.53,540.24,Cash,8.1,2024-07-16
INV-0490,C,Food,9,299.49,2695.41,Credit card,5.1,2024-01-08
INV-0491,A,Beauty,5,23.5,117.5,Credit card,6.2,2024-03-31
INV-0492,C,Beauty,4,446.6,1786.4,Ewallet,9.7,2024-09-02
INV-0493,A,Food,2,450.3,900.6,Cash,8.8,2024-11-23
INV-0494,A,Food,5,433.35,2166.75,Credit card,5.1,2024-03-17
INV-0495,C,Electronics,3,308.01,924.03,Credit card,6.5,2024-12-24
INV-0496,A,Food,5,35.23,176.15,Ewallet,4.9,2024-07-17
INV-0497,C,Sports,2,31.55,63.1,Ewallet,8.5,2024-11-06
INV-0498,C,Clothing,9,379.4,3414.6,Cash,5.3,2024-05-20
INV-0499,B,Electronics,9,186.26,1676.34,Credit card,5.0,2024-08-03
INV-0500,A,Beauty,4,166.62,666.48,Cash,4.4,2024-05-24
INV-0501,B,Food,1,256.43,256.43,Ewallet,8.2,2024-09-06
INV-0502,B,Beauty,6,162.97,977.82,Cash,9.3,2024-07-09
INV-0503,B,Electronics,10,90.09,900.9,Credit card,7.0,2024-03-17
INV-0504,A,Beauty,9,483.65,4352.85,Ewallet,6.0,2024-08-02
INV-0505,A,Clothing,1,299.57,299.57,Ewallet,7.7,2024-07-13
INV-0506,A,Food,5,100.65,503.25,Credit card,7.5,2024-11-08
INV-0507,A,Beauty,3,484.31,1452.93,Cash,7.2,2024-07-24
INV-0508,C,Beauty,3,77.83,233.49,Ewallet,5.0,2024-05-20
INV-0509,C,Food,4,440.09,1760.36,Cash,7.8,2024-09-05
INV-0510,C,Food,9,399.46,3595.14,Credit card,7.1,2024-03-06
INV-0511,A,Sports,7,433.31,3033.17,Cash,9.6,2024-12-08
INV-0512,B,Beauty,6,22.73,136.38,Ewallet,8.3,2024-06-02
INV-0513,C,Clothing,4,324.64,1298.56,Ewallet,6.8,2024-09-08
INV-0514,B,Electronics,5,209.45,1047.25,Credit card,6.3,2024-02-11
INV-0515,C,Clothing,2,185.81,371.62,Cash,4.1,2024-02-22
INV-0516,A,Food,7,37.67,263.69,Cash,4.3,2024-02-11
INV-0517,A,Beauty,2,383.08,766.16,Cash,7.0,2024-02-07
INV-0518,B,Clothing,7,409.61,2867.27,Ewallet,8.1,2024-02-05
INV-0519,C,Food,4,154.33,617.32,Ewallet,5.5,2024-07-25
INV-0520,C,Beauty,1,15.86,15.86,Cash,7.8,2024-03-05
INV-0521,C,Electronics,6,294.06,1764.36,Ewallet,6.4,2024-04-25
INV-0522,C,Beauty,5,104.42,522.1,Cash,9.5,2024-12-13
INV-0523,B,Food,3,427.53,1282.59,Credit card,8.2,2024-11-26
INV-0524,B,Electronics,8,101.14,809.12,Credit card,9.0,2024-12-01
INV-0525,C,Sports,2,378.9,757.8,Cash,9.0,2024-10-27
INV-0526,A,Food,6,249.62,1497.72,Cash,7.5,2024-09-12
INV-0527,A,Beauty,5,244.46,1222.3,Credit card,9.1,2024-11-28
INV-0528,A,Electronics,3,230.51,691.53,Ewallet,10.0,2024-06-02
INV-0529,C,Electronics,1,320.23,320.23,Cash,10.0,2024-12-08
INV-0530,A,Beauty,9,225.45,2029.05,Cash,4.0,2024-05-15
INV-0531,A,Electronics,2,125.45,250.9,Credit card,6.3,2024-06-22
INV-0532,B,Food,10,407.72,4077.2,Cash,7.2,2024-02-21
INV-0533,C,Beauty,5,97.18,485.9,Cash,9.9,2024-06-15
INV-0534,B,Electronics,7,280.7,1964.9,Cash,6.4,2024-05-21
INV-0535,A,Beauty,3,99.36,298.08,Cash,4.9,2024-11-02
INV-0536,A,Clothing,7,50.93,356.51,Ewallet,4.1,2024-03-12
INV-0537,C,Food,3,110.55,331.65,Ewallet,6.8,2024-06-30
INV-0538,B,Sports,4,431.38,1725.52,Cash,7.5,2024-09-23
INV-0539,A,Food,6,277.16,1662.96,Cash,5.7,2024-03-31
INV-0540,B,Electronics,4,279.94,1119.76,Credit card,8.0,2024-06-01
INV-0541,B,Beauty,8,88.46,707.68,Ewallet,9.5,2024-11-25
INV-0542,B,Beauty,3,313.22,939.66,Ewallet,8.1,2024-12-24
INV-0543,A,Electronics,7,454.38,3180.66,Credit card,9.2,2024-08-01
INV-0544,B,Electronics,4,471.4,1885.6,Credit card,4.7,2024-11-11
INV-0545,B,Sports,3,246.73,740.19,Credit card,9.9,2024-02-26
INV-0546,C,Sports,4,154.98,619.92,Credit card,5.3,2024-09-02
INV-0547,B,Sports,8,271.1,2168.8,Ewallet,8.5,2024-06-15
INV-0548,B,Food,7,305.39,2137.73,Ewallet,6.5,2024-03-31
INV-0549,A,Food,6,434.9,2609.4,Cash,5.8,2024-07-31
INV-0550,B,Beauty,8,465.76,3726.08,Cash,4.2,2024-12-11
INV-0551,C,Clothing,1,245.33,245.33,Credit card,9.7,2024-03-21
INV-0552,C,Clothing,4,469.92,1879.68,Credit card,4.1,2024-09-02
INV-0553,A,Food,2,367.41,734.82,Ewallet,9.9,2024-06-03
INV-0554,B,Food,6,497.78,2986.68,Ewallet,9.2,2024-02-08
INV-0555,C,Beauty,2,334.97,669.94,Ewallet,9.2,2024-12-02
INV-0556,B,Food,10,169.93,1699.3,Cash,6.7,2024-01-31
INV-0557,B,Beauty,8,260.86,2086.88,Ewallet,6.7,2024-09-07
INV-0558,C,Food,8,188.01,1504.08,Credit card,7.9,2024-03-08
INV-0559,B,Beauty,4,111.21,444.84,Credit card,5.8,2024-05-04
INV-0560,B,Sports,10,417.39,4173.9,Credit card,5.0,2024-02-22
INV-0561,A,Food,2,341.6,683.2,Cash,8.6,2024-08-19
INV-0562,A,Electronics,9,78.38,705.42,Cash,9.7,2024-04-27
INV-0563,C,Beauty,2,70.6,141.2,Cash,6.1,2024-11-04
INV-0564,A,Beauty,9,181.43,1632.87,Cash,5.2,2024-07-08
INV-0565,A,Electronics,3,32.87,98.61,Credit card,6.8,2024-09-06
INV-0566,C,Sports,10,42.77,427.7,Credit card,7.5,2024-09-10
INV-0567,A,Beauty,4,434.61,1738.44,Credit card,7.6,2024-06-04
INV-0568,C,Food,6,124.82,748.92,Credit card,8.6,2024-07-19
INV-0569,C,Clothing,2,482.49,964.98,Cash,5.7,2024-04-22
INV-0570,C,Food,8,132.32,1058.56,Ewallet,7.9,2024-04-10
INV-0571,C,Clothing,6,447.5,2685.0,Ewallet,9.7,2024-02-09
INV-0572,C,Beauty,6,445.37,2672.22,Cash,5.8,2024-03-25
INV-0573,A,Clothing,4,212.61,850.44,Ewallet,8.1,2024-11-09
INV-0574,A,Food,4,72.81,291.24,Credit card,7.3,2024-12-03
INV-0575,C,Sports,4,188.7,754.8,Ewallet,9.7,2024-12-30
INV-0576,B,Clothing,6,166.91,1001.46,Ewallet,6.6,2024-05-21
INV-0577,A,Electronics,7,195.71,1369.97,Ewallet,9.2,2024-12-29
INV-0578,B,Food,3,62.17,186.51,Ewallet,8.3,2024-02-24
INV-0579,B,Food,4,53.46,213.84,Credit card,5.6,2024-09-08
INV-0580,C,Clothing,6,215.69,1294.14,Ewallet,4.8,2024-08-15
INV-0581,A,Clothing,1,479.63,479.63,Ewallet,9.7,2024-05-24
INV-0582,C,Sports,3,109.04,327.12,Cash,5.3,2024-03-19
INV-0583,A,Clothing,5,405.67,2028.35,Ewallet,7.4,2024-08-09
INV-0584,B,Food,7,488.3,3418.1,Credit card,7.8,2024-07-12
INV-0585,A,Electronics,5,435.07,2175.35,Credit card,9.7,2024-03-08
INV-0586,C,Clothing,2,172.93,345.86,Credit card,4.0,2024-04-06
INV-0587,C,Clothing,9,161.98,1457.82,Cash,5.0,2024-04-07
INV-0588,C,Electronics,5,165.81,829.05,Credit card,6.0,2024-02-28
INV-0589,A,Food,5,386.61,1933.05,Cash,4.7,2024-11-20
INV-0590,B,Beauty,4,140.37,561.48,Credit card,6.0,2024-07-03
INV-0591,A,Food,6,32.88,197.28,Ewallet,9.6,2024-07-25
INV-0592,A,Food,1,66.37,66.37,Cash,5.6,2024-01-08
INV-0593,B,Clothing,3,473.96,1421.88,Cash,9.9,2024-06-21
INV-0594,A,Clothing,9,317.86,2860.74,Ewallet,5.0,2024-10-07
INV-0595,C,Sports,10,250.37,2503.7,Ewallet,5.3,2024-03-22
INV-0596,C,Food,6,269.01,1614.06,Credit card,6.4,2024-01-02
INV-0597,B,Beauty,9,169.93,1529.37,Ewallet,9.5,2024-02-01
INV-0598,B,Electronics,5,87.45,437.25,Credit card,8.3,2024-02-28
INV-0599,B,Clothing,6,26.62,159.72,Credit card,6.7,2024-04-25
INV-0600,C,Sports,6,396.39,2378.34,Cash,5.5,2024-05-23
INV-0601,C,Sports,1,97.47,97.47,Cash,7.3,2024-07-23
INV-0602,C,Beauty,10,470.09,4700.9,Ewallet,5.0,2024-10-28
INV-0603,B,Clothing,3,307.26,921.78,Ewallet,5.1,2024-01-28
INV-0604,C,Clothing,5,338.61,1693.05,Credit card,7.1,2024-06-04
INV-0605,C,Food,2,224.95,449.9,Credit card,4.3,2024-10-26
INV-0606,A,Food,10,357.1,3571.0,Ewallet,4.1,2024-08-15
INV-0607,B,Beauty,9,112.22,1009.98,Ewallet,9.5,2024-06-14
INV-0608,B,Beauty,9,406.98,3662.82,Cash,9.6,2024-02-08
INV-0609,A,Clothing,5,148.2,741.0,Credit card,7.7,2024-12-26
INV-0610,A,Clothing,2,72.9,145.8,Credit card,7.1,2024-01-13
INV-0611,A,Electronics,8,378.64,3029.12,Credit card,7.9,2024-07-09
INV-0612,C,Sports,3,494.67,1484.01,Credit card,8.2,2024-10-16
INV-0613,C,Beauty,5,425.67,2128.35,Credit card,10.0,2024-05-10
INV-0614,B,Electronics,5,12.79,63.95,Ewallet,8.8,2024-12-23
INV-0615,C,Food,9,110.39,993.51,Cash,5.5,2024-06-30
INV-0616,B,Electronics,7,452.37,3166.59,Cash,9.6,2024-06-15
INV-0617,A,Food,9,198.88,1789.92,Ewallet,9.5,2024-04-16
INV-0618,B,Electronics,6,467.21,2803.26,Credit card,7.9,2024-04-11
INV-0619,B,Electronics,8,160.04,1280.32,Credit card,7.2,2024-07-26
INV-0620,C,Food,10,274.61,2746.1,Credit card,4.1,2024-05-19
INV-0621,B,Clothing,7,308.61,2160.27,Cash,8.7,2024-03-19
INV-0622,A,Food,7,200.06,1400.42,Credit card,4.7,2024-06-25
INV-0623,A,Sports,8,368.78,2950.24,Cash,5.7,2024-05-24
INV-0624,B,Food,9,279.13,2512.17,Ewallet,5.3,2024-01-28
INV-0625,A,Beauty,3,188.42,565.26,Ewallet,9.0,2024-12-09
INV-0626,A,Food,1,87.39,87.39,Cash,5.7,2024-10-19
INV-0627,B,Beauty,6,400.88,2405.28,Cash,8.8,2024-12-21
INV-0628,A,Beauty,3,447.26,1341.78,Ewallet,6.0,2024-03-21
INV-0629,B,Electronics,2,135.45,270.9,Credit card,10.0,2024-10-23
INV-0630,A,Clothing,3,53.95,161.85,Cash,5.9,2024-08-12
INV-0631,A,Beauty,5,445.52,2227.6,Cash,9.0,2024-02-09
INV-0632,B,Sports,9,359.66,3236.94,Credit card,8.3,2024-10-26
INV-0633,B,Food,1,328.41,328.41,Cash,7.4,2024-09-28
INV-0634,B,Electronics,4,470.62,1882.48,Credit card,5.1,2024-02-23
INV-0635,A,Food,4,370.82,1483.28,Ewallet,8.4,2024-12-14
INV-0636,C,Food,4,150.43,601.72,Cash,5.2,2024-11-06
INV-0637,B,Food,2,24.31,48.62,Credit card,10.0,2024-12-30
INV-0638,C,Food,4,111.79,447.16,Ewallet,8.1,2024-09-23
INV-0639,A,Electronics,2,459.94,919.88,Credit card,9.2,2024-08-25
INV-0640,C,Food,2,52.37,104.74,Credit card,6.4,2024-03-26
INV-0641,A,Food,2,491.51,983.02,Credit card,6.0,2024-03-14
INV-0642,C,Clothing,3,147.64,442.92,Credit card,9.6,2024-10-02
INV-0643,A,Electronics,10,17.78,177.8,Credit card,5.4,2024-04-16
INV-0644,C,Food,2,35.68,71.36,Credit card,5.1,2024-09-05
INV-0645,C,Electronics,10,51.19,511.9,Ewallet,5.4,2024-05-26
INV-0646,A,Beauty,4,145.05,580.2,Credit card,8.6,2024-04-01
INV-0647,C,Electronics,1,101.76,101.76,Cash,8.1,2024-10-14
INV-0648,B,Electronics,10,465.58,4655.8,Cash,8.9,2024-10-07
INV-0649,C,Food,3,258.18,774.54,Ewallet,4.6,2024-11-14
INV-0650,A,Sports,10,114.64,1146.4,Credit card,5.0,2024-12-09
INV-0651,A,Sports,10,272.34,2723.4,Ewallet,7.8,2024-11-22
INV-0652,B,Sports,6,311.68,1870.08,Ewallet,9.5,2024-06-20
INV-0653,C,Clothing,7,187.84,1314.88,Cash,7.0,2024-05-14
INV-0654,C,Food,4,274.94,1099.76,Cash,9.4,2024-07-05
INV-0655,A,Sports,4,80.68,322.72,Cash,8.5,2024-05-22
INV-0656,B,Food,4,12.74,50.96,Ewallet,4.6,2024-09-20
INV-0657,A,Clothing,9,238.81,2149.29,Cash,9.4,2024-10-16
INV-0658,B,Sports,5,430.59,2152.95,Ewallet,5.1,2024-05-27
INV-0659,A,Food,6,177.5,1065.0,Cash,8.1,2024-11-05
INV-0660,A,Food,9,452.23,4070.07,Credit card,9.0,2024-08-28
INV-0661,B,Clothing,3,60.19,180.57,Cash,6.0,2024-12-09
INV-0662,A,Beauty,6,225.35,1352.1,Credit card,4.6,2024-01-30
INV-0663,A,Clothing,4,124.02,496.08,Credit card,4.2,2024-04-05
INV-0664,C,Food,4,203.07,812.28,Credit card,5.4,2024-02-29
INV-0665,C,Sports,6,158.02,948.12,Ewallet,7.1,2024-06-10
INV-0666,B,Electronics,6,274.43,1646.58,Cash,5.7,2024-02-20
INV-0667,A,Clothing,6,472.61,2835.66,Ewallet,8.3,2024-09-27
INV-0668,B,Clothing,10,250.91,2509.1,Credit card,6.8,2024-05-07
INV-0669,A,Sports,7,10.66,74.62,Credit card,9.6,2024-02-21
INV-0670,A,Beauty,6,73.37,440.22,Ewallet,6.9,2024-05-05
INV-0671,B,Food,7,476.83,3337.81,Ewallet,6.0,2024-10-09
INV-0672,C,Clothing,5,24.82,124.1,Credit card,5.2,2024-07-27
INV-0673,B,Food,6,215.41,1292.46,Credit card,6.1,2024-03-11
INV-0674,C,Clothing,8,192.66,1541.28,Credit card,5.0,2024-07-05
INV-0675,A,Electronics,2,383.42,766.84,Ewallet,5.9,2024-05-27
INV-0676,A,Sports,10,312.91,3129.1,Credit card,6.5,2024-02-21
INV-0677,C,Beauty,5,353.31,1766.55,Credit card,8.6,2024-09-26
INV-0678,C,Electronics,5,187.85,939.25,Cash,6.6,2024-07-01
INV-0679,B,Electronics,6,146.08,876.48,Credit card,5.9,2024-09-20
INV-0680,C,Food,4,303.72,1214.88,Ewallet,4.0,2024-03-31
INV-0681,A,Food,6,399.79,2398.74,Cash,9.9,2024-12-23
INV-0682,C,Beauty,8,85.52,684.16,Ewallet,5.2,2024-08-20
INV-0683,B,Food,4,262.51,1050.04,Cash,4.9,2024-05-10
INV-0684,C,Electronics,6,185.0,1110.0,Credit card,9.2,2024-11-23
INV-0685,C,Electronics,5,179.11,895.55,Cash,6.0,2024-11-21
INV-0686,A,Food,9,436.05,3924.45,Cash,5.7,2024-12-09
INV-0687,C,Food,3,414.28,1242.84,Ewallet,6.2,2024-08-23
INV-0688,A,Beauty,6,175.51,1053.06,Credit card,5.6,2024-12-04
INV-0689,A,Sports,7,384.15,2689.05,Credit card,8.6,2024-05-20
INV-0690,A,Food,1,29.38,29.38,Ewallet,6.5,2024-01-29
INV-0691,A,Clothing,5,491.14,2455.7,Ewallet,5.5,2024-12-11
INV-0692,B,Clothing,8,219.81,1758.48,Credit card,6.3,2024-12-17
INV-0693,C,Food,5,206.7,1033.5,Credit card,4.4,2024-08-19
INV-0694,C,Food,4,194.44,777.76,Ewallet,4.5,2024-04-29
INV-0695,C,Food,5,345.24,1726.2,Cash,7.5,2024-05-29
INV-0696,C,Electronics,1,468.68,468.68,Ewallet,5.9,2024-07-12
INV-0697,B,Food,5,123.63,618.15,Cash,9.7,2024-09-19
INV-0698,A,Electronics,7,319.2,2234.4,Credit card,7.5,2024-07-31
INV-0699,A,Clothing,4,84.79,339.16,Credit card,9.1,2024-11-02
INV-0700,A,Electronics,9,390.19,3511.71,Credit card,4.9,2024-01-20
INV-0701,C,Beauty,5,462.31,2311.55,Credit card,8.7,2024-08-02
INV-0702,C,Electronics,3,253.11,759.33,Ewallet,7.2,2024-06-15
INV-0703,C,Beauty,6,238.02,1428.12,Ewallet,4.1,2024-11-25
INV-0704,B,Clothing,2,155.67,311.34,Ewallet,6.2,2024-09-24
INV-0705,C,Sports,8,36.75,294.0,Credit card,7.1,2024-02-03
INV-0706,C,Clothing,10,464.0,4640.0,Cash,9.1,2024-03-12
INV-0707,C,Beauty,9,355.5,3199.5,Ewallet,8.4,2024-12-06
INV-0708,A,Food,8,358.16,2865.28,Cash,6.5,2024-07-15
INV-0709,C,Clothing,3,461.7,1385.1,Cash,5.2,2024-07-06
INV-0710,A,Beauty,7,56.83,397.81,Ewallet,9.1,2024-04-09
INV-0711,B,Sports,3,135.32,405.96,Cash,9.4,2024-06-14
INV-0712,A,Sports,3,181.62,544.86,Credit card,6.5,2024-02-16
INV-0713,C,Electronics,6,468.33,2809.98,Cash,5.3,2024-01-24
INV-0714,A,Beauty,4,367.29,1469.16,Cash,4.9,2024-05-22
INV-0715,B,Sports,8,320.9,2567.2,Credit card,7.6,2024-05-12
INV-0716,C,Sports,8,238.89,1911.12,Credit card,5.4,2024-11-25
INV-0717,A,Sports,5,149.42,747.1,Credit card,6.9,2024-07-05
INV-0718,C,Sports,5,171.94,859.7,Cash,9.1,2024-06-13
INV-0719,A,Electronics,1,89.15,89.15,Cash,8.2,2024-09-24
INV-0720,B,Clothing,4,129.91,519.64,Credit card,7.8,2024-03-22
INV-0721,A,Beauty,1,198.06,198.06,Ewallet,6.3,2024-06-13
INV-0722,C,Electronics,6,164.76,988.56,Ewallet,4.5,2024-01-14
INV-0723,B,Sports,2,261.54,523.08,Cash,4.0,2024-07-21
INV-0724,A,Clothing,5,482.57,2412.85,Credit card,5.3,2024-03-30
INV-0725,A,Sports,9,406.44,3657.96,Cash,4.2,2024-11-05
INV-0726,B,Electronics,8,270.24,2161.92,Cash,5.6,2024-11-12
INV-0727,A,Food,8,175.08,1400.64,Cash,8.7,2024-12-08
INV-0728,B,Electronics,6,53.56,321.36,Credit card,5.0,2024-09-01
INV-0729,B,Clothing,10,41.01,410.1,Credit card,5.9,2024-11-20
INV-0730,A,Electronics,3,323.2,969.6,Credit card,6.0,2024-08-14
INV-0731,C,Beauty,10,381.1,3811.0,Credit card,8.8,2024-06-15
INV-0732,C,Sports,8,68.54,548.32,Ewallet,8.9,2024-04-23
INV-0733,A,Sports,8,124.37,994.96,Ewallet,6.3,2024-12-08
INV-0734,C,Electronics,9,438.77,3948.93,Ewallet,6.4,2024-02-27
INV-0735,C,Food,8,347.0,2776.0,Ewallet,9.2,2024-11-09
INV-0736,C,Sports,4,425.61,1702.44,Ewallet,5.6,2024-03-13
INV-0737,A,Beauty,9,308.84,2779.56,Credit card,5.9,2024-05-12
INV-0738,B,Clothing,9,15.17,136.53,Cash,4.1,2024-12-12
INV-0739,C,Sports,5,71.9,359.5,Cash,9.9,2024-05-27
INV-0740,B,Sports,2,145.57,291.14,Ewallet,7.8,2024-10-27
INV-0741,C,Electronics,4,14.69,58.76,Ewallet,7.4,2024-11-14
INV-0742,C,Clothing,7,377.45,2642.15,Ewallet,7.6,2024-02-17
INV-0743,A,Food,4,74.36,297.44,Ewallet,4.1,2024-06-11
INV-0744,C,Sports,9,94.83,853.47,Credit card,4.4,2024-06-27
INV-0745,A,Sports,10,21.68,216.8,Ewallet,7.2,2024-11-19
INV-0746,C,Electronics,6,173.88,1043.28,Ewallet,9.4,2024-10-17
INV-0747,B,Beauty,4,423.8,1695.2,Cash,7.5,2024-01-12
INV-0748,A,Clothing,2,494.94,989.88,Credit card,7.4,2024-05-28
INV-0749,B,Sports,10,168.58,1685.8,Cash,4.7,2024-11-04
INV-0750,B,Sports,10,315.41,3154.1,Cash,6.2,2024-10-15
INV-0751,C,Food,8,436.48,3491.84,Credit card,8.0,2024-12-08
INV-0752,B,Clothing,10,438.17,4381.7,Cash,4.1,2024-02-17
INV-0753,B,Clothing,3,213.56,640.68,Credit card,4.3,2024-11-08
INV-0754,A,Beauty,3,91.74,275.22,Credit card,8.7,2024-01-18
INV-0755,B,Beauty,5,452.0,2260.0,Credit card,4.4,2024-05-04
INV-0756,A,Beauty,4,440.4,1761.6,Ewallet,8.5,2024-02-11
INV-0757,A,Food,6,456.06,2736.36,Cash,6.2,2024-07-17
INV-0758,B,Electronics,5,464.72,2323.6,Cash,5.1,2024-03-02
INV-0759,C,Electronics,8,354.51,2836.08,Ewallet,9.1,2024-05-20
INV-0760,A,Electronics,5,365.78,1828.9,Ewallet,9.9,2024-04-19
INV-0761,A,Clothing,3,463.51,1390.53,Credit card,6.5,2024-02-19
INV-0762,C,Clothing,3,192.08,576.24,Ewallet,5.9,2024-05-06
INV-0763,B,Clothing,5,18.74,93.7,Credit card,8.0,2024-07-26
INV-0764,B,Sports,1,387.99,387.99,Credit card,8.2,2024-11-20
INV-0765,A,Food,4,434.36,1737.44,Ewallet,8.1,2024-04-11
INV-0766,C,Sports,9,172.27,1550.43,Ewallet,7.0,2024-07-28
INV-0767,B,Food,6,322.69,1936.14,Cash,6.0,2024-07-05
INV-0768,C,Food,6,349.23,2095.38,Ewallet,9.2,2024-10-06
INV-0769,A,Beauty,4,351.78,1407.12,Cash,6.4,2024-01-11
INV-0770,C,Electronics,5,201.71,1008.55,Ewallet,9.8,2024-10-12
INV-0771,B,Clothing,10,143.96,1439.6,Ewallet,5.4,2024-06-25
INV-0772,A,Clothing,1,223.59,223.59,Credit card,9.0,2024-11-03
INV-0773,B,Sports,8,129.33,1034.64,Ewallet,4.1,2024-05-11
INV-0774,B,Clothing,7,220.32,1542.24,Cash,7.2,2024-01-18
INV-0775,A,Electronics,9,202.02,1818.18,Ewallet,9.9,2024-04-28
INV-0776,B,Clothing,5,254.59,1272.95,Cash,4.4,2024-01-06
INV-0777,B,Food,2,11.04,22.08,Credit card,6.6,2024-09-08
INV-0778,C,Clothing,8,180.78,1446.24,Cash,8.0,2024-07-02
INV-0779,A,Beauty,4,484.96,1939.84,Credit card,5.3,2024-07-17
INV-0780,B,Electronics,5,270.68,1353.4,Credit card,4.7,2024-11-03
INV-0781,A,Electronics,6,322.39,1934.34,Cash,4.2,2024-08-31
INV-0782,B,Clothing,4,280.34,1121.36,Credit card,6.1,2024-02-25
INV-0783,B,Beauty,10,495.88,4958.8,Credit card,7.1,2024-07-27
INV-0784,C,Clothing,1,200.66,200.66,Ewallet,4.6,2024-04-16
INV-0785,A,Beauty,4,344.86,1379.44,Cash,7.4,2024-02-24
INV-0786,A,Clothing,7,55.54,388.78,Credit card,4.6,2024-09-21
INV-0787,B,Sports,5,304.02,1520.1,Ewallet,4.9,2024-03-20
INV-0788,C,Beauty,5,179.66,898.3,Credit card,9.9,2024-07-03
INV-0789,B,Beauty,2,396.18,792.36,Cash,8.7,2024-08-03
INV-0790,A,Sports,1,243.2,243.2,Cash,5.5,2024-08-22
INV-0791,C,Food,5,253.73,1268.65,Credit card,9.9,2024-04-23
INV-0792,B,Sports,1,246.2,246.2,Cash,4.2,2024-09-28
INV-0793,C,Clothing,4,495.96,1983.84,Cash,5.4,2024-06-09
INV-0794,B,Sports,4,491.16,1964.64,Ewallet,6.7,2024-11-03
INV-0795,C,Beauty,4,413.62,1654.48,Cash,6.8,2024-12-06
INV-0796,C,Food,5,142.26,711.3,Ewallet,7.4,2024-11-08
INV-0797,C,Electronics,7,122.27,855.89,Credit card,4.3,2024-11-23
INV-0798,A,Sports,7,488.66,3420.62,Ewallet,6.6,2024-10-07
INV-0799,C,Sports,3,288.12,864.36,Cash,7.6,2024-12-16
INV-0800,A,Sports,5,466.55,2332.75,Credit card,4.8,2024-02-04
INV-0801,B,Sports,5,200.83,1004.15,Credit card,4.4,2024-10-21
INV-0802,B,Electronics,4,361.87,1447.48,Credit card,7.7,2024-09-18
INV-0803,B,Food,5,420.7,2103.5,Credit card,8.1,2024-01-05
INV-0804,C,Sports,8,123.91,991.28,Ewallet,8.9,2024-04-15
INV-0805,A,Beauty,2,165.55,331.1,Ewallet,5.3,2024-11-24
INV-0806,A,Clothing,4,308.23,1232.92,Ewallet,7.3,2024-04-29
INV-0807,C,Clothing,8,368.49,2947.92,Ewallet,8.4,2024-02-19
INV-0808,A,Sports,8,53.81,430.48,Ewallet,6.7,2024-04-24
INV-0809,B,Electronics,2,250.78,501.56,Cash,7.6,2024-01-09
INV-0810,B,Clothing,9,267.86,2410.74,Credit card,9.4,2024-03-17
INV-0811,A,Sports,1,483.28,483.28,Ewallet,7.1,2024-06-15
INV-0812,A,Food,9,299.62,2696.58,Credit card,4.8,2024-09-13
INV-0813,A,Food,6,431.72,2590.32,Cash,9.6,2024-11-27
INV-0814,B,Sports,2,33.98,67.96,Credit card,4.9,2024-10-13
INV-0815,B,Electronics,2,273.96,547.92,Credit card,6.9,2024-11-02
INV-0816,A,Beauty,9,417.0,3753.0,Credit card,8.2,2024-06-22
INV-0817,A,Clothing,10,339.38,3393.8,Cash,8.0,2024-04-26
INV-0818,C,Electronics,4,114.11,456.44,Cash,6.0,2024-06-05
INV-0819,B,Beauty,5,121.55,607.75,Ewallet,7.1,2024-04-20
INV-0820,C,Electronics,10,351.42,3514.2,Cash,7.9,2024-08-14
INV-0821,B,Clothing,9,210.6,1895.4,Ewallet,8.2,2024-06-28
INV-0822,B,Beauty,8,220.07,1760.56,Ewallet,9.9,2024-10-22
INV-0823,B,Sports,9,95.74,861.66,Credit card,7.0,2024-07-18
INV-0824,A,Beauty,4,338.54,1354.16,Ewallet,7.5,2024-02-16
INV-0825,C,Electronics,10,221.56,2215.6,Ewallet,7.4,2024-01-04
INV-0826,C,Clothing,3,470.72,1412.16,Cash,6.3,2024-09-10
INV-0827,B,Food,10,401.6,4016.0,Cash,6.6,2024-11-22
INV-0828,C,Food,3,393.27,1179.81,Cash,8.9,2024-08-18
INV-0829,B,Food,4,276.43,1105.72,Credit card,5.5,2024-12-16
INV-0830,B,Beauty,2,118.17,236.34,Credit card,8.9,2024-07-20
INV-0831,C,Food,4,246.94,987.76,Cash,4.3,2024-12-23
INV-0832,C,Sports,9,381.33,3431.97,Cash,6.3,2024-09-26
INV-0833,B,Food,9,294.05,2646.45,Cash,6.2,2024-12-23
INV-0834,A,Electronics,10,193.81,1938.1,Cash,5.8,2024-03-06
INV-0835,A,Sports,1,164.7,164.7,Ewallet,9.0,2024-10-17
INV-0836,C,Sports,5,166.78,833.9,Ewallet,7.4,2024-07-20
INV-0837,C,Sports,7,416.78,2917.46,Ewallet,6.5,2024-01-26
INV-0838,C,Beauty,7,417.45,2922.15,Cash,5.0,2024-03-23
INV-0839,C,Sports,4,416.29,1665.16,Credit card,6.6,2024-08-11
INV-0840,A,Electronics,5,211.31,1056.55,Credit card,9.4,2024-08-20
INV-0841,A,Beauty,5,209.41,1047.05,Cash,6.7,2024-07-26
INV-0842,B,Beauty,10,191.78,1917.8,Cash,6.0,2024-05-31
INV-0843,B,Electronics,6,144.95,869.7,Credit card,9.8,2024-12-16
INV-0844,B,Clothing,3,358.1,1074.3,Cash,8.1,2024-06-15
INV-0845,B,Sports,2,320.06,640.12,Cash,5.1,2024-09-03
INV-0846,C,Clothing,8,19.49,155.92,Cash,7.3,2024-07-29
INV-0847,B,Food,6,213.13,1278.78,Cash,6.7,2024-03-24
INV-0848,C,Electronics,6,264.61,1587.66,Credit card,6.7,2024-03-31
INV-0849,C,Food,3,85.49,256.47,Cash,6.3,2024-11-26
INV-0850,C,Sports,4,164.78,659.12,Ewallet,7.4,2024-02-24
INV-0851,A,Sports,2,196.49,392.98,Ewallet,8.6,2024-01-04
INV-0852,C,Beauty,9,76.96,692.64,Credit card,7.1,2024-10-12
INV-0853,C,Clothing,8,396.28,3170.24,Cash,4.6,2024-01-30
INV-0854,C,Sports,1,456.48,456.48,Ewallet,8.7,2024-11-05
INV-0855,B,Food,6,192.91,1157.46,Credit card,7.1,2024-06-15
INV-0856,C,Electronics,4,350.63,1402.52,Credit card,5.1,2024-09-21
INV-0857,B,Electronics,10,243.25,2432.5,Cash,9.9,2024-07-04
INV-0858,C,Beauty,8,189.95,1519.6,Cash,6.8,2024-10-28
INV-0859,B,Electronics,8,335.45,2683.6,Ewallet,5.7,2024-10-08
INV-0860,A,Electronics,9,160.88,1447.92,Credit card,4.7,2024-03-08
INV-0861,C,Beauty,8,240.79,1926.32,Ewallet,6.0,2024-01-19
INV-0862,A,Clothing,5,269.49,1347.45,Credit card,9.0,2024-02-07
INV-0863,A,Electronics,8,229.66,1837.28,Credit card,8.1,2024-06-17
INV-0864,A,Clothing,8,382.78,3062.24,Credit card,5.0,2024-07-25
INV-0865,C,Sports,5,292.33,1461.65,Ewallet,8.1,2024-01-10
INV-0866,B,Food,3,370.33,1110.99,Cash,7.4,2024-02-16
INV-0867,A,Electronics,10,457.85,4578.5,Cash,7.1,2024-12-03
INV-0868,A,Electronics,4,436.82,1747.28,Ewallet,6.2,2024-12-28
INV-0869,C,Clothing,10,217.94,2179.4,Ewallet,5.3,2024-09-05
INV-0870,B,Clothing,5,222.72,1113.6,Credit card,9.0,2024-04-07
INV-0871,B,Food,8,361.72,2893.76,Credit card,7.7,2024-09-15
INV-0872,A,Electronics,6,350.58,2103.48,Credit card,10.0,2024-10-22
INV-0873,B,Clothing,5,465.69,2328.45,Credit card,6.9,2024-09-13
INV-0874,C,Clothing,2,309.97,619.94,Ewallet,8.3,2024-12-25
INV-0875,C,Electronics,8,313.61,2508.88,Ewallet,5.8,2024-09-09
INV-0876,A,Sports,4,108.78,435.12,Credit card,5.8,2024-11-07
INV-0877,B,Electronics,7,96.26,673.82,Cash,6.5,2024-05-16
INV-0878,C,Sports,7,293.24,2052.68,Cash,5.3,2024-09-01
INV-0879,A,Electronics,8,475.53,3804.24,Ewallet,8.1,2024-07-27
INV-0880,B,Beauty,8,60.23,481.84,Credit card,4.0,2024-10-02
INV-0881,A,Beauty,1,488.89,488.89,Cash,8.6,2024-11-11
INV-0882,C,Food,2,234.14,468.28,Cash,6.0,2024-09-20
INV-0883,B,Sports,5,346.26,1731.3,Ewallet,4.4,2024-06-15
INV-0884,B,Food,3,449.96,1349.88,Ewallet,7.0,2024-09-30
INV-0885,C,Electronics,7,244.5,1711.5,Credit card,7.9,2024-03-13
INV-0886,A,Electronics,5,221.32,1106.6,Cash,8.6,2024-09-09
INV-0887,C,Beauty,4,357.61,1430.44,Cash,4.3,2024-05-31
INV-0888,A,Clothing,9,162.91,1466.19,Credit card,5.1,2024-09-04
INV-0889,B,Food,9,447.02,4023.18,Ewallet,4.5,2024-07-18
INV-0890,C,Food,2,141.17,282.34,Ewallet,4.6,2024-06-29
INV-0891,A,Beauty,7,285.58,1999.06,Ewallet,5.2,2024-01-08
INV-0892,A,Electronics,1,118.71,118.71,Credit card,4.7,2024-11-11
INV-0893,A,Sports,9,373.2,3358.8,Credit card,8.1,2024-07-25
INV-0894,C,Sports,4,91.66,366.64,Credit card,6.4,2024-04-16
INV-0895,A,Food,6,204.54,1227.24,Credit card,6.2,2024-07-30
INV-0896,B,Sports,7,301.56,2110.92,Credit card,8.0,2024-06-27
INV-0897,B,Beauty,10,240.96,2409.6,Credit card,6.0,2024-06-18
INV-0898,C,Sports,9,110.42,993.78,Ewallet,9.1,2024-10-05
INV-0899,C,Beauty,6,34.86,209.16,Cash,6.3,2024-10-04
INV-0900,B,Food,3,301.32,903.96,Credit card,5.1,2024-07-06
INV-0901,A,Beauty,6,143.42,860.52,Ewallet,8.0,2024-12-10
INV-0902,A,Food,2,332.73,665.46,Cash,7.0,2024-05-12
INV-0903,C,Food,9,17.22,154.98,Cash,5.4,2024-11-21
INV-0904,C,Sports,9,73.34,660.06,Ewallet,8.7,2024-11-28
INV-0905,C,Beauty,6,177.48,1064.88,Ewallet,8.1,2024-12-11
INV-0906,A,Electronics,8,66.05,528.4,Cash,9.9,2024-02-17
INV-0907,A,Beauty,6,115.04,690.24,Cash,6.3,2024-07-30
INV-0908,C,Beauty,7,316.73,2217.11,Ewallet,8.8,2024-03-04
INV-0909,C,Clothing,3,372.4,1117.2,Cash,4.5,2024-01-23
INV-0910,C,Electronics,6,435.92,2615.52,Credit card,9.7,2024-04-27
INV-0911,A,Beauty,7,368.82,2581.74,Credit card,5.4,2024-08-29
INV-0912,B,Beauty,8,45.46,363.68,Credit card,9.4,2024-08-17
INV-0913,B,Sports,5,100.77,503.85,Ewallet,8.3,2024-11-04
INV-0914,A,Sports,10,112.3,1123.0,Credit card,7.8,2024-07-13
INV-0915,B,Food,4,129.36,517.44,Cash,6.1,2024-05-25
INV-0916,C,Sports,1,20.42,20.42,Cash,6.5,2024-04-01
INV-0917,B,Food,2,418.68,837.36,Cash,7.1,2024-04-14
INV-0918,A,Sports,7,439.14,3073.98,Cash,4.3,2024-02-28
INV-0919,A,Electronics,8,177.18,1417.44,Credit card,8.3,2024-01-25
INV-0920,A,Electronics,6,303.75,1822.5,Cash,8.8,2024-04-25
INV-0921,A,Clothing,1,91.84,91.84,Cash,7.3,2024-06-21
INV-0922,A,Sports,4,261.22,1044.88,Cash,9.9,2024-05-21
INV-0923,C,Clothing,9,381.78,3436.02,Credit card,4.5,2024-04-26
INV-0924,A,Sports,10,13.98,139.8,Cash,4.7,2024-10-09
INV-0925,A,Clothing,6,210.84,1265.04,Cash,7.4,2024-05-02
INV-0926,C,Clothing,6,465.57,2793.42,Credit card,6.3,2024-03-18
INV-0927,A,Clothing,3,165.47,496.41,Ewallet,4.9,2024-04-22
INV-0928,C,Clothing,1,286.42,286.42,Ewallet,5.6,2024-02-26
INV-0929,A,Sports,7,482.75,3379.25,Cash,5.3,2024-05-23
INV-0930,A,Beauty,4,184.72,738.88,Credit card,7.4,2024-09-10
INV-0931,C,Food,8,124.81,998.48,Credit card,6.3,2024-02-19
INV-0932,C,Sports,9,408.55,3676.95,Cash,8.7,2024-11-10
INV-0933,A,Sports,2,298.31,596.62,Cash,6.5,2024-01-06
INV-0934,C,Beauty,10,304.75,3047.5,Ewallet,7.0,2024-01-22
INV-0935,C,Food,3,112.42,337.26,Credit card,6.8,2024-05-22
INV-0936,B,Clothing,5,69.16,345.8,Cash,9.3,2024-02-28
INV-0937,C,Sports,9,275.31,2477.79,Cash,9.6,2024-10-16
INV-0938,B,Food,7,489.52,3426.64,Credit card,9.6,2024-05-26
INV-0939,C,Electronics,6,389.57,2337.42,Ewallet,7.9,2024-09-08
INV-0940,A,Electronics,2,206.51,413.02,Cash,7.4,2024-05-22
INV-0941,A,Sports,6,202.87,1217.22,Ewallet,9.6,2024-10-30
INV-0942,C,Electronics,1,138.99,138.99,Cash,8.1,2024-10-21
INV-0943,B,Clothing,7,461.96,3233.72,Credit card,4.7,2024-09-06
INV-0944,B,Food,4,112.64,450.56,Credit card,8.2,2024-06-12
INV-0945,C,Food,5,481.24,2406.2,Ewallet,6.9,2024-08-31
INV-0946,B,Sports,6,212.49,1274.94,Ewallet,7.1,2024-02-25
INV-0947,A,Electronics,9,350.36,3153.24,Credit card,7.1,2024-01-21
INV-0948,A,Clothing,5,317.86,1589.3,Cash,8.4,2024-01-24
INV-0949,A,Food,7,130.11,910.77,Credit card,4.1,2024-02-14
INV-0950,A,Beauty,6,412.04,2472.24,Ewallet,7.7,2024-12-27
INV-0951,C,Electronics,8,39.24,313.92,Ewallet,6.1,2024-01-16
INV-0952,C,Beauty,6,61.11,366.66,Credit card,6.9,2024-04-20
INV-0953,B,Clothing,3,392.68,1178.04,Cash,6.3,2024-10-10
INV-0954,B,Sports,2,66.53,133.06,Cash,5.2,2024-08-09
INV-0955,A,Food,8,130.89,1047.12,Credit card,6.0,2024-08-27
INV-0956,C,Electronics,1,23.49,23.49,Cash,8.7,2024-10-08
INV-0957,B,Electronics,2,360.53,721.06,Cash,6.1,2024-03-20
INV-0958,B,Beauty,2,114.8,229.6,Cash,5.8,2024-03-12
INV-0959,A,Electronics,6,190.23,1141.38,Ewallet,8.0,2024-07-09
INV-0960,A,Beauty,7,82.82,579.74,Cash,5.3,2024-09-27
INV-0961,B,Sports,1,203.03,203.03,Ewallet,4.6,2024-02-06
INV-0962,B,Electronics,9,58.87,529.83,Cash,4.1,2024-10-12
INV-0963,B,Food,10,487.94,4879.4,Ewallet,5.2,2024-03-19
INV-0964,B,Electronics,6,15.27,91.62,Cash,7.3,2024-05-02
INV-0965,A,Sports,8,314.58,2516.64,Cash,8.6,2024-10-05
INV-0966,C,Clothing,1,238.6,238.6,Credit card,9.2,2024-09-16
INV-0967,A,Beauty,2,98.29,196.58,Ewallet,4.7,2024-12-22
INV-0968,C,Food,10,495.51,4955.1,Cash,9.9,2024-12-24
INV-0969,C,Electronics,2,414.62,829.24,Cash,4.3,2024-08-17
INV-0970,C,Electronics,2,319.57,639.14,Ewallet,4.0,2024-03-07
INV-0971,A,Food,4,231.65,926.6,Ewallet,4.5,2024-11-26
INV-0972,B,Beauty,9,220.6,1985.4,Credit card,9.4,2024-06-05
INV-0973,B,Beauty,5,86.29,431.45,Ewallet,6.7,2024-10-02
INV-0974,A,Food,5,161.1,805.5,Ewallet,7.1,2024-08-04
INV-0975,B,Sports,10,220.23,2202.3,Credit card,4.9,2024-03-30
INV-0976,C,Sports,3,265.37,796.11,Credit card,4.5,2024-02-17
INV-0977,C,Clothing,3,12.05,36.15,Cash,9.9,2024-08-07
INV-0978,B,Electronics,3,46.53,139.59,Credit card,6.4,2024-11-15
INV-0979,B,Clothing,9,338.5,3046.5,Ewallet,4.9,2024-10-23
INV-0980,A,Food,2,361.74,723.48,Cash,5.2,2024-01-06
INV-0981,A,Clothing,6,315.35,1892.1,Ewallet,9.8,2024-06-28
INV-0982,C,Electronics,2,95.5,191.0,Ewallet,7.5,2024-08-12
INV-0983,C,Clothing,10,74.9,749.0,Ewallet,7.2,2024-12-20
INV-0984,B,Beauty,3,269.57,808.71,Ewallet,5.4,2024-12-12
INV-0985,C,Food,4,137.88,551.52,Ewallet,7.1,2024-02-22
INV-0986,C,Electronics,2,179.13,358.26,Ewallet,8.9,2024-06-12
INV-0987,A,Clothing,2,44.92,89.84,Ewallet,7.2,2024-10-24
INV-0988,B,Beauty,1,356.32,356.32,Ewallet,8.6,2024-09-28
INV-0989,B,Electronics,1,125.49,125.49,Cash,6.2,2024-07-11
INV-0990,C,Food,3,296.64,889.92,Ewallet,6.9,2024-03-15
INV-0991,B,Beauty,9,418.0,3762.0,Cash,8.9,2024-04-12
INV-0992,B,Food,3,487.85,1463.55,Credit card,8.7,2024-08-03
INV-0993,A,Electronics,5,467.0,2335.0,Credit card,4.7,2024-09-15
INV-0994,B,Food,8,300.06,2400.48,Ewallet,6.9,2024-11-19
INV-0995,C,Beauty,3,77.16,231.48,Credit card,9.6,2024-06-10
INV-0996,A,Clothing,3,343.33,1029.99,Credit card,7.0,2024-01-17
INV-0997,A,Electronics,10,347.19,3471.9,Cash,6.7,2024-08-04
INV-0998,C,Electronics,1,275.63,275.63,Credit card,7.7,2024-05-12
INV-0999,C,Electronics,9,48.64,437.76,Credit card,7.7,2024-12-15
INV-1000,A,Sports,1,220.09,220.09,Credit card,6.5,2024-05-07
INV-1001,A,Food,3,108.82,326.46,Ewallet,6.4,2024-04-11
INV-1002,A,Beauty,9,39.86,358.74,Ewallet,4.4,2024-09-08
INV-1003,A,Food,6,211.64,1269.84,Cash,6.4,2024-02-14
INV-1004,B,Food,10,196.72,1967.2,Ewallet,7.8,2024-05-07
INV-1005,A,Electronics,8,283.83,2270.64,Cash,4.9,2024-12-21
INV-1006,A,Food,5,402.37,2011.85,Credit card,8.8,2024-04-17
INV-1007,A,Sports,10,291.73,2917.3,Ewallet,5.0,2024-06-09
INV-1008,C,Sports,10,251.58,2515.8,Cash,6.6,2024-06-03
INV-1009,B,Clothing,7,89.71,627.97,Credit card,9.1,2024-03-12
INV-1010,B,Food,8,376.26,3010.08,Credit card,6.8,2024-09-21
INV-1011,B,Clothing,6,444.98,2669.88,Ewallet,9.0,2024-05-04
INV-1012,C,Beauty,4,227.28,909.12,Ewallet,9.4,2024-05-11
INV-1013,A,Beauty,4,242.51,970.04,Ewallet,7.2,2024-03-02
INV-1014,B,Food,6,145.72,874.32,Cash,7.5,2024-02-27
INV-1015,A,Electronics,3,344.05,1032.15,Credit card,9.4,2024-08-16
INV-1016,C,Sports,3,40.86,122.58,Credit card,9.7,2024-11-25
INV-1017,B,Food,8,45.61,364.88,Credit card,7.1,2024-12-14
INV-1018,C,Clothing,1,416.22,416.22,Cash,9.3,2024-11-08
INV-1019,C,Sports,2,353.74,707.48,Ewallet,7.6,2024-07-09
INV-1020,C,Sports,5,483.88,2419.4,Credit card,4.4,2024-11-30
INV-1021,C,Electronics,6,434.04,2604.24,Credit card,8.3,2024-03-11
INV-1022,A,Sports,10,140.75,1407.5,Cash,7.9,2024-03-07
INV-1023,C,Food,5,275.78,1378.9,Cash,9.8,2024-06-23
INV-1024,B,Food,9,410.95,3698.55,Credit card,8.8,2024-12-07
INV-1025,B,Beauty,6,386.67,2320.02,Ewallet,4.9,2024-11-29
INV-1026,A,Sports,3,378.51,1135.53,Credit card,6.2,2024-12-08
INV-1027,A,Clothing,4,229.33,917.32,Ewallet,4.5,2024-06-04
INV-1028,C,Sports,9,499.57,4496.13,Ewallet,6.6,2024-03-29
INV-1029,A,Beauty,4,386.49,1545.96,Cash,4.5,2024-04-18
INV-1030,C,Clothing,9,110.02,990.18,Ewallet,5.6,2024-08-22
INV-1031,B,Beauty,4,241.36,965.44,Ewallet,7.3,2024-06-04
INV-1032,B,Food,8,188.11,1504.88,Ewallet,9.2,2024-08-12
INV-1033,C,Sports,9,278.65,2507.85,Cash,6.3,2024-07-18
INV-1034,B,Food,6,401.76,2410.56,Ewallet,5.3,2024-12-10
INV-1035,B,Beauty,8,196.64,1573.12,Cash,7.3,2024-06-26
INV-1036,A,Beauty,7,141.41,989.87,Ewallet,4.7,2024-06-03
INV-1037,C,Clothing,10,162.09,1620.9,Cash,8.2,2024-02-28
INV-1038,C,Beauty,4,378.28,1513.12,Credit card,7.9,2024-04-06
INV-1039,C,Beauty,6,381.25,2287.5,Cash,7.4,2024-03-10
INV-1040,B,Sports,8,11.63,93.04,Ewallet,7.9,2024-01-10
INV-1041,A,Electronics,5,401.77,2008.85,Cash,7.7,2024-10-16
INV-1042,C,Beauty,4,90.36,361.44,Ewallet,9.7,2024-12-23
INV-1043,B,Beauty,8,126.34,1010.72,Cash,7.5,2024-03-03
INV-1044,C,Beauty,8,359.6,2876.8,Cash,6.3,2024-05-26
INV-1045,A,Food,10,326.6,3266.0,Ewallet,9.1,2024-05-06
INV-1046,A,Electronics,4,286.6,1146.4,Cash,8.0,2024-02-21
INV-1047,B,Sports,10,337.6,3376.0,Credit card,9.3,2024-11-06
INV-1048,C,Food,1,232.69,232.69,Cash,8.6,2024-12-25
INV-1049,C,Food,8,180.24,1441.92,Ewallet,6.7,2024-10-14
INV-1050,A,Food,6,337.83,2026.98,Cash,9.9,2024-04-14
INV-1051,C,Sports,1,114.53,114.53,Credit card,7.4,2024-10-15
INV-1052,A,Beauty,9,424.34,3819.06,Cash,8.8,2024-08-21
INV-1053,B,Beauty,4,392.5,1570.0,Ewallet,4.2,2024-03-14
INV-1054,B,Clothing,10,253.8,2538.0,Ewallet,8.6,2024-05-02
INV-1055,A,Clothing,7,275.23,1926.61,Cash,5.2,2024-01-15
INV-1056,C,Food,5,95.18,475.9,Cash,6.4,2024-06-10
INV-1057,C,Electronics,9,215.9,1943.1,Credit card,8.2,2024-06-03
INV-1058,A,Clothing,9,163.95,1475.55,Ewallet,10.0,2024-09-10
INV-1059,A,Beauty,10,112.52,1125.2,Cash,8.6,2024-03-27
INV-1060,B,Sports,6,452.0,2712.0,Ewallet,4.2,2024-01-31
INV-1061,A,Sports,9,339.62,3056.58,Cash,5.0,2024-07-21
INV-1062,B,Beauty,2,19.42,38.84,Credit card,9.5,2024-02-01
INV-1063,B,Clothing,4,499.56,1998.24,Credit card,5.2,2024-11-01
INV-1064,B,Beauty,1,135.31,135.31,Cash,5.4,2024-12-19
INV-1065,B,Beauty,2,157.2,314.4,Cash,5.1,2024-10-08
INV-1066,A,Clothing,2,495.97,991.94,Ewallet,8.9,2024-01-31
INV-1067,C,Food,4,483.65,1934.6,Cash,9.6,2024-08-28
INV-1068,B,Clothing,3,385.64,1156.92,Credit card,5.9,2024-06-14
INV-1069,C,Sports,8,188.65,1509.2,Ewallet,6.3,2024-02-01
INV-1070,B,Beauty,7,141.26,988.82,Ewallet,5.6,2024-09-10
INV-1071,A,Clothing,10,427.68,4276.8,Ewallet,9.3,2024-02-29
INV-1072,A,Clothing,3,309.99,929.97,Cash,7.0,2024-11-23
INV-1073,C,Food,1,286.02,286.02,Credit card,6.1,2024-07-29
INV-1074,B,Sports,1,124.1,124.1,Ewallet,8.5,2024-07-20
INV-1075,C,Electronics,3,155.2,465.6,Cash,8.4,2024-07-28
INV-1076,B,Clothing,4,373.45,1493.8,Ewallet,6.8,2024-01-16
INV-1077,A,Beauty,1,257.56,257.56,Ewallet,8.0,2024-08-06
INV-1078,C,Clothing,7,46.11,322.77,Credit card,5.8,2024-08-16
INV-1079,C,Beauty,5,157.03,785.15,Ewallet,8.4,2024-02-14
INV-1080,A,Electronics,2,91.43,182.86,Cash,5.8,2024-03-18
INV-1081,B,Electronics,10,153.38,1533.8,Credit card,4.2,2024-08-02
INV-1082,C,Clothing,6,498.76,2992.56,Cash,8.6,2024-10-23
INV-1083,A,Beauty,7,91.92,643.44,Cash,6.1,2024-11-29
INV-1084,A,Sports,10,117.15,1171.5,Credit card,7.3,2024-11-05
INV-1085,B,Electronics,10,326.16,3261.6,Ewallet,9.0,2024-07-15
INV-1086,A,Sports,2,68.26,136.52,Ewallet,9.4,2024-09-02
INV-1087,B,Sports,5,441.99,2209.95,Credit card,7.2,2024-03-01
INV-1088,A,Electronics,5,54.38,271.9,Credit card,6.1,2024-08-17
INV-1089,C,Sports,9,310.45,2794.05,Ewallet,7.4,2024-02-26
INV-1090,B,Beauty,4,148.92,595.68,Cash,8.6,2024-07-06
INV-1091,A,Clothing,5,414.66,2073.3,Ewallet,8.9,2024-06-10
INV-1092,A,Food,5,282.43,1412.15,Ewallet,7.5,2024-12-10
INV-1093,A,Sports,8,165.66,1325.28,Ewallet,6.5,2024-09-10
INV-1094,B,Electronics,2,61.62,123.24,Cash,4.0,2024-02-27
INV-1095,A,Beauty,10,457.32,4573.2,Cash,5.1,2024-06-16
INV-1096,B,Electronics,2,445.11,890.22,Credit card,4.8,2024-04-30
INV-1097,A,Sports,9,439.05,3951.45,Cash,8.2,2024-12-20
INV-1098,B,Electronics,4,433.31,1733.24,Ewallet,7.8,2024-04-30
INV-1099,C,Beauty,1,65.91,65.91,Credit card,7.7,2024-02-09
INV-1100,C,Food,1,451.97,451.97,Credit card,4.7,2024-06-28
INV-1101,A,Food,6,381.21,2287.26,Ewallet,7.7,2024-08-05
INV-1102,C,Beauty,4,60.49,241.96,Cash,5.5,2024-09-28
INV-1103,A,Clothing,3,190.31,570.93,Ewallet,8.5,2024-07-13
INV-1104,A,Clothing,9,28.55,256.95,Ewallet,5.3,2024-11-18
INV-1105,C,Electronics,9,164.85,1483.65,Credit card,7.3,2024-06-11
INV-1106,C,Electronics,9,21.5,193.5,Cash,4.9,2024-04-27
INV-1107,C,Sports,5,221.46,1107.3,Cash,4.4,2024-04-28
INV-1108,B,Food,5,383.33,1916.65,Cash,7.3,2024-07-10
INV-1109,B,Electronics,10,137.33,1373.3,Ewallet,5.4,2024-12-21
INV-1110,B,Sports,3,342.29,1026.87,Ewallet,8.2,2024-05-01
INV-1111,C,Sports,8,160.03,1280.24,Cash,5.0,2024-07-04
INV-1112,A,Clothing,1,461.06,461.06,Credit card,8.3,2024-02-05
INV-1113,A,Clothing,4,322.79,1291.16,Ewallet,8.5,2024-07-10
INV-1114,B,Food,10,84.15,841.5,Credit card,8.8,2024-11-27
INV-1115,A,Electronics,10,200.32,2003.2,Credit card,8.4,2024-06-11
INV-1116,B,Sports,6,186.6,1119.6,Ewallet,8.7,2024-05-01
INV-1117,C,Sports,5,409.63,2048.15,Credit card,6.5,2024-10-22
INV-1118,A,Sports,5,392.63,1963.15,Ewallet,6.0,2024-01-15
INV-1119,A,Electronics,9,161.4,1452.6,Ewallet,6.5,2024-09-05
INV-1120,C,Clothing,2,346.22,692.44,Ewallet,6.6,2024-07-02
INV-1121,A,Beauty,9,253.34,2280.06,Ewallet,6.3,2024-08-22
INV-1122,A,Clothing,8,493.91,3951.28,Ewallet,4.1,2024-02-03
INV-1123,C,Clothing,8,75.92,607.36,Cash,9.9,2024-07-31
INV-1124,C,Sports,1,313.08,313.08,Cash,9.6,2024-02-22
INV-1125,C,Beauty,4,299.38,1197.52,Cash,9.6,2024-12-08
INV-1126,A,Food,5,213.62,1068.1,Cash,4.1,2024-01-22
INV-1127,C,Food,5,342.15,1710.75,Credit card,4.2,2024-12-02
INV-1128,C,Sports,2,57.15,114.3,Credit card,8.3,2024-05-03
INV-1129,C,Sports,4,75.63,302.52,Credit card,5.4,2024-04-25
INV-1130,A,Sports,7,74.43,521.01,Cash,6.0,2024-04-08
INV-1131,C,Beauty,10,52.65,526.5,Ewallet,5.1,2024-03-15
INV-1132,C,Beauty,6,337.52,2025.12,Cash,10.0,2024-11-07
INV-1133,C,Sports,3,250.41,751.23,Cash,9.1,2024-08-21
INV-1134,C,Clothing,5,462.49,2312.45,Credit card,9.9,2024-01-22
INV-1135,A,Food,3,172.2,516.6,Ewallet,9.7,2024-11-03
INV-1136,A,Sports,8,46.71,373.68,Cash,7.4,2024-06-16
INV-1137,B,Food,7,131.64,921.48,Cash,8.7,2024-01-14
INV-1138,C,Beauty,7,389.7,2727.9,Credit card,4.8,2024-11-06
INV-1139,B,Clothing,6,448.73,2692.38,Ewallet,6.0,2024-07-01
INV-1140,C,Electronics,1,358.26,358.26,Credit card,6.9,2024-03-04
INV-1141,B,Electronics,8,13.62,108.96,Cash,5.0,2024-04-28
INV-1142,A,Beauty,9,337.89,3041.01,Ewallet,4.8,2024-12-11
INV-1143,A,Food,1,124.4,124.4,Ewallet,6.6,2024-04-22
INV-1144,B,Sports,6,108.81,652.86,Ewallet,4.1,2024-12-14
INV-1145,B,Electronics,7,300.05,2100.35,Ewallet,5.7,2024-12-15
INV-1146,A,Electronics,8,364.42,2915.36,Ewallet,5.9,2024-01-21
INV-1147,B,Clothing,8,324.64,2597.12,Cash,9.0,2024-06-24
INV-1148,A,Sports,10,328.02,3280.2,Ewallet,8.1,2024-09-04
INV-1149,C,Food,8,209.34,1674.72,Credit card,7.7,2024-08-27
INV-1150,C,Beauty,3,202.2,606.6,Cash,5.6,2024-02-20
INV-1151,A,Sports,1,285.12,285.12,Ewallet,9.3,2024-10-07
INV-1152,A,Beauty,2,353.69,707.38,Ewallet,6.5,2024-09-09
INV-1153,C,Beauty,5,234.5,1172.5,Ewallet,9.9,2024-01-23
INV-1154,C,Sports,3,307.84,923.52,Credit card,8.1,2024-07-12
INV-1155,A,Food,1,172.3,172.3,Cash,9.8,2024-01-03
INV-1156,C,Electronics,8,254.42,2035.36,Credit card,4.6,2024-10-06
INV-1157,C,Sports,8,458.77,3670.16,Ewallet,5.5,2024-03-25
INV-1158,B,Electronics,3,277.18,831.54,Ewallet,4.6,2024-03-10
INV-1159,B,Food,6,479.7,2878.2,Ewallet,7.7,2024-10-09
INV-1160,A,Food,8,401.99,3215.92,Ewallet,7.9,2024-04-28
INV-1161,A,Sports,1,32.67,32.67,Cash,8.2,2024-12-24
INV-1162,C,Beauty,7,294.15,2059.05,Ewallet,4.5,2024-11-04
INV-1163,A,Sports,4,49.6,198.4,Ewallet,6.5,2024-04-20
INV-1164,C,Electronics,5,12.58,62.9,Cash,7.1,2024-01-17
INV-1165,A,Beauty,1,365.99,365.99,Ewallet,9.5,2024-09-16
INV-1166,C,Sports,1,24.57,24.57,Credit card,9.5,2024-10-22
INV-1167,C,Electronics,6,361.68,2170.08,Credit card,7.1,2024-01-01
INV-1168,B,Food,2,81.54,163.08,Cash,5.4,2024-09-10
INV-1169,C,Clothing,3,380.67,1142.01,Cash,7.8,2024-05-22
INV-1170,C,Food,9,139.15,1252.35,Cash,9.9,2024-05-13
INV-1171,A,Beauty,6,440.08,2640.48,Cash,4.5,2024-07-04
INV-1172,C,Clothing,5,209.54,1047.7,Credit card,8.5,2024-04-12
INV-1173,C,Sports,4,414.71,1658.84,Credit card,8.8,2024-05-02
INV-1174,C,Electronics,5,86.37,431.85,Cash,7.8,2024-06-22
INV-1175,C,Clothing,10,150.56,1505.6,Cash,9.8,2024-12-19
INV-1176,B,Electronics,5,108.8,544.0,Cash,9.5,2024-04-10
INV-1177,C,Food,4,444.2,1776.8,Credit card,4.5,2024-04-18
INV-1178,B,Clothing,8,94.29,754.32,Ewallet,9.9,2024-07-21
INV-1179,A,Electronics,8,418.83,3350.64,Cash,7.2,2024-12-09
INV-1180,B,Sports,1,217.8,217.8,Ewallet,6.6,2024-08-13
INV-1181,A,Sports,5,367.85,1839.25,Ewallet,4.4,2024-12-29
INV-1182,B,Clothing,4,459.84,1839.36,Cash,7.1,2024-08-11
INV-1183,A,Clothing,7,221.72,1552.04,Ewallet,7.2,2024-12-15
INV-1184,A,Sports,10,155.08,1550.8,Credit card,5.6,2024-10-21
INV-1185,B,Clothing,4,84.81,339.24,Ewallet,5.5,2024-10-04
INV-1186,A,Electronics,4,303.15,1212.6,Credit card,6.2,2024-12-17
INV-1187,A,Clothing,8,302.08,2416.64,Ewallet,8.0,2024-07-21
INV-1188,C,Beauty,4,381.54,1526.16,Ewallet,9.0,2024-12-12
INV-1189,A,Clothing,7,291.9,2043.3,Ewallet,6.5,2024-08-03
INV-1190,A,Clothing,1,275.69,275.69,Credit card,9.9,2024-03-23
INV-1191,A,Sports,4,37.67,150.68,Ewallet,8.4,2024-02-24
INV-1192,B,Clothing,5,364.1,1820.5,Cash,8.4,2024-07-09
INV-1193,B,Sports,3,141.8,425.4,Ewallet,9.5,2024-02-02
INV-1194,A,Sports,8,365.61,2924.88,Ewallet,5.0,2024-07-11
INV-1195,B,Food,9,378.67,3408.03,Ewallet,9.7,2024-12-30
INV-1196,A,Sports,3,474.07,1422.21,Credit card,4.7,2024-12-21
INV-1197,C,Sports,5,85.01,425.05,Credit card,9.5,2024-09-16
INV-1198,B,Electronics,9,124.26,1118.34,Cash,9.3,2024-11-21
INV-1199,B,Clothing,9,44.63,401.67,Ewallet,6.0,2024-10-19
INV-1200,C,Sports,2,280.05,560.1,Ewallet,8.7,2024-07-02
INV-1201,A,Electronics,7,383.73,2686.11,Credit card,6.7,2024-08-25
INV-1202,A,Sports,5,425.97,2129.85,Credit card,8.3,2024-12-26
INV-1203,C,Electronics,7,357.15,2500.05,Ewallet,5.8,2024-06-14
INV-1204,A,Beauty,2,483.52,967.04,Ewallet,6.0,2024-01-14
INV-1205,C,Clothing,8,318.61,2548.88,Ewallet,5.8,2024-03-16
INV-1206,C,Beauty,2,205.86,411.72,Ewallet,8.5,2024-02-26
INV-1207,A,Food,6,41.0,246.0,Credit card,9.4,2024-11-22
INV-1208,C,Clothing,3,161.25,483.75,Ewallet,4.9,2024-03-25
INV-1209,C,Sports,9,460.31,4142.79,Credit card,7.6,2024-04-23
INV-1210,B,Beauty,9,368.58,3317.22,Credit card,6.7,2024-01-03
INV-1211,C,Clothing,7,362.36,2536.52,Credit card,6.7,2024-06-27
INV-1212,C,Electronics,5,286.16,1430.8,Cash,7.3,2024-11-16
INV-1213,A,Beauty,3,322.18,966.54,Ewallet,5.1,2024-12-06
INV-1214,A,Clothing,1,340.08,340.08,Ewallet,4.2,2024-05-31
INV-1215,B,Food,4,257.07,1028.28,Ewallet,7.5,2024-03-25
INV-1216,B,Electronics,3,272.13,816.39,Ewallet,4.1,2024-12-24
INV-1217,A,Clothing,5,199.67,998.35,Credit card,9.6,2024-12-08
INV-1218,A,Sports,3,73.65,220.95,Cash,5.4,2024-06-17
INV-1219,B,Clothing,7,242.21,1695.47,Ewallet,7.2,2024-01-07
INV-1220,A,Electronics,5,41.32,206.6,Ewallet,9.5,2024-04-30
INV-1221,C,Clothing,7,350.45,2453.15,Cash,5.3,2024-09-18
INV-1222,C,Electronics,4,257.42,1029.68,Ewallet,9.8,2024-02-07
INV-1223,C,Electronics,8,330.02,2640.16,Credit card,8.7,2024-02-12
INV-1224,B,Electronics,6,344.68,2068.08,Credit card,6.0,2024-04-23
INV-1225,C,Electronics,4,299.06,1196.24,Ewallet,8.7,2024-07-20
INV-1226,A,Clothing,5,183.97,919.85,Cash,4.9,2024-04-01
INV-1227,B,Electronics,2,179.68,359.36,Credit card,8.8,2024-09-28
INV-1228,C,Electronics,2,336.92,673.84,Cash,5.3,2024-09-01
INV-1229,C,Food,6,138.74,832.44,Credit card,6.2,2024-08-31
INV-1230,B,Beauty,6,208.72,1252.32,Ewallet,6.3,2024-11-04
INV-1231,B,Electronics,2,191.4,382.8,Ewallet,7.7,2024-06-27
INV-1232,C,Sports,6,332.93,1997.58,Credit card,4.5,2024-06-17
INV-1233,A,Food,7,320.42,2242.94,Ewallet,9.0,2024-07-18
INV-1234,A,Clothing,10,169.0,1690.0,Ewallet,7.6,2024-03-04
INV-1235,A,Beauty,10,262.72,2627.2,Ewallet,5.2,2024-09-04
INV-1236,B,Food,3,106.45,319.35,Cash,6.1,2024-01-18
INV-1237,A,Beauty,6,65.92,395.52,Cash,4.3,2024-12-23
INV-1238,C,Sports,9,185.57,1670.13,Ewallet,7.7,2024-04-22
INV-1239,C,Clothing,4,284.49,1137.96,Ewallet,9.9,2024-07-23
INV-1240,A,Sports,4,199.63,798.52,Ewallet,7.0,2024-06-07
INV-1241,C,Sports,7,80.95,566.65,Ewallet,4.9,2024-03-04
INV-1242,A,Beauty,7,49.96,349.72,Cash,8.6,2024-09-27
INV-1243,B,Food,2,136.65,273.3,Ewallet,9.3,2024-09-05
INV-1244,A,Food,5,381.7,1908.5,Credit card,7.3,2024-02-19
INV-1245,A,Sports,1,482.89,482.89,Ewallet,8.4,2024-04-20
INV-1246,B,Electronics,5,192.09,960.45,Cash,8.1,2024-01-14
INV-1247,A,Beauty,9,119.61,1076.49,Ewallet,6.5,2024-05-14
INV-1248,A,Electronics,7,154.09,1078.63,Ewallet,8.9,2024-04-24
INV-1249,C,Food,3,83.12,249.36,Credit card,7.1,2024-07-14
INV-1250,A,Food,10,293.16,2931.6,Ewallet,7.4,2024-06-13
INV-1251,C,Electronics,4,320.71,1282.84,Credit card,9.1,2024-02-04
INV-1252,B,Sports,2,299.06,598.12,Cash,7.1,2024-10-24
INV-1253,A,Beauty,6,95.38,572.28,Ewallet,5.6,2024-10-27
INV-1254,C,Beauty,5,299.84,1499.2,Credit card,5.3,2024-07-07
INV-1255,C,Electronics,9,50.49,454.41,Cash,6.6,2024-03-31
INV-1256,A,Food,5,83.2,416.0,Ewallet,9.8,2024-09-08
INV-1257,B,Electronics,4,420.61,1682.44,Ewallet,9.2,2024-10-11
INV-1258,B,Sports,6,421.34,2528.04,Cash,8.0,2024-02-24
INV-1259,B,Sports,9,443.74,3993.66,Cash,7.9,2024-04-23
INV-1260,B,Beauty,7,70.05,490.35,Credit card,7.1,2024-11-24
INV-1261,B,Sports,4,381.38,1525.52,Credit card,4.9,2024-05-29
INV-1262,B,Beauty,7,70.43,493.01,Cash,8.3,2024-10-06
INV-1263,C,Beauty,8,312.59,2500.72,Credit card,7.2,2024-05-17
INV-1264,B,Electronics,8,210.59,1684.72,Ewallet,4.2,2024-07-14
INV-1265,A,Sports,4,372.78,1491.12,Cash,5.2,2024-11-05
INV-1266,B,Clothing,5,168.43,842.15,Ewallet,7.3,2024-04-09
INV-1267,A,Clothing,8,417.65,3341.2,Ewallet,7.9,2024-04-03
INV-1268,A,Electronics,7,83.79,586.53,Ewallet,7.2,2024-02-03
INV-1269,C,Electronics,2,493.68,987.36,Cash,4.2,2024-12-24
INV-1270,C,Beauty,1,137.01,137.01,Credit card,9.1,2024-04-18
INV-1271,A,Food,3,178.54,535.62,Credit card,5.4,2024-08-11
INV-1272,A,Beauty,10,204.51,2045.1,Cash,7.8,2024-06-01
INV-1273,C,Clothing,10,152.11,1521.1,Cash,4.1,2024-05-18
INV-1274,A,Sports,10,128.49,1284.9,Ewallet,9.2,2024-08-21
INV-1275,A,Sports,2,176.75,353.5,Credit card,5.6,2024-03-18
INV-1276,C,Food,7,285.2,1996.4,Ewallet,7.2,2024-01-21
INV-1277,C,Sports,10,462.61,4626.1,Credit card,8.9,2024-10-09
INV-1278,A,Food,5,250.22,1251.1,Ewallet,5.8,2024-10-30
INV-1279,C,Sports,3,181.89,545.67,Credit card,7.2,2024-07-16
INV-1280,A,Food,4,410.11,1640.44,Cash,8.8,2024-10-21
INV-1281,A,Beauty,10,86.37,863.7,Cash,6.1,2024-01-18
INV-1282,B,Clothing,8,483.08,3864.64,Ewallet,7.5,2024-03-01
INV-1283,C,Beauty,3,30.26,90.78,Cash,5.4,2024-07-27
INV-1284,C,Clothing,9,309.97,2789.73,Cash,9.6,2024-12-25
INV-1285,B,Beauty,2,30.54,61.08,Ewallet,9.5,2024-04-02
INV-1286,B,Food,10,400.96,4009.6,Credit card,4.9,2024-08-13
INV-1287,C,Beauty,5,58.66,293.3,Credit card,7.5,2024-11-12
INV-1288,B,Food,2,289.05,578.1,Credit card,8.6,2024-06-08
INV-1289,C,Clothing,2,170.6,341.2,Ewallet,6.8,2024-01-01
INV-1290,A,Sports,10,72.52,725.2,Ewallet,4.8,2024-01-13
INV-1291,A,Electronics,6,419.77,2518.62,Credit card,6.2,2024-09-18
INV-1292,B,Electronics,5,210.64,1053.2,Ewallet,7.8,2024-09-08
INV-1293,C,Clothing,9,128.43,1155.87,Credit card,4.6,2024-07-15
INV-1294,B,Beauty,9,458.53,4126.77,Cash,7.9,2024-10-06
INV-1295,C,Electronics,2,478.62,957.24,Credit card,6.1,2024-12-26
INV-1296,C,Sports,8,482.52,3860.16,Ewallet,6.4,2024-08-20
INV-1297,C,Clothing,1,377.8,377.8,Ewallet,5.6,2024-03-15
INV-1298,B,Electronics,10,125.48,1254.8,Cash,7.8,2024-12-04
INV-1299,B,Electronics,2,143.8,287.6,Ewallet,8.3,2024-11-26
INV-1300,A,Sports,1,88.24,88.24,Credit card,8.6,2024-08-12
INV-1301,A,Food,3,245.91,737.73,Credit card,8.8,2024-03-26
INV-1302,B,Beauty,7,125.86,881.02,Credit card,8.2,2024-08-03
INV-1303,B,Electronics,5,26.95,134.75,Credit card,4.2,2024-07-19
INV-1304,C,Electronics,3,149.95,449.85,Credit card,4.1,2024-01-22
INV-1305,C,Clothing,8,237.04,1896.32,Cash,4.8,2024-08-26
INV-1306,C,Electronics,3,51.6,154.8,Ewallet,7.9,2024-05-22
INV-1307,B,Electronics,3,24.45,73.35,Ewallet,7.7,2024-01-03
INV-1308,A,Clothing,1,223.84,223.84,Cash,6.1,2024-10-21
INV-1309,B,Clothing,6,227.14,1362.84,Ewallet,6.6,2024-06-16
INV-1310,A,Beauty,5,439.95,2199.75,Ewallet,5.5,2024-07-09
INV-1311,A,Beauty,6,312.97,1877.82,Cash,5.9,2024-07-07
INV-1312,B,Beauty,5,67.59,337.95,Cash,4.9,2024-08-05
INV-1313,B,Food,2,321.45,642.9,Cash,8.6,2024-09-09
INV-1314,C,Beauty,9,159.68,1437.12,Credit card,9.9,2024-04-09
INV-1315,B,Food,4,481.49,1925.96,Cash,8.6,2024-06-22
INV-1316,A,Clothing,3,469.81,1409.43,Credit card,8.4,2024-04-17
INV-1317,C,Sports,3,372.35,1117.05,Cash,8.9,2024-05-15
INV-1318,A,Food,9,382.53,3442.77,Ewallet,5.9,2024-12-15
INV-1319,A,Beauty,10,414.22,4142.2,Ewallet,9.8,2024-11-18
INV-1320,A,Sports,8,362.01,2896.08,Cash,8.9,2024-04-23
INV-1321,C,Beauty,8,310.24,2481.92,Ewallet,6.1,2024-01-31
INV-1322,B,Electronics,4,141.4,565.6,Cash,6.7,2024-09-26
INV-1323,B,Clothing,5,230.53,1152.65,Cash,4.6,2024-11-14
INV-1324,B,Clothing,4,135.91,543.64,Cash,9.5,2024-12-17
INV-1325,A,Food,6,58.95,353.7,Ewallet,7.4,2024-09-18
INV-1326,C,Electronics,6,201.67,1210.02,Credit card,5.1,2024-05-03
INV-1327,C,Beauty,3,393.72,1181.16,Cash,7.0,2024-09-17
INV-1328,B,Electronics,9,110.42,993.78,Cash,6.3,2024-07-04
INV-1329,C,Food,10,376.34,3763.4,Ewallet,4.7,2024-09-25
INV-1330,B,Food,3,351.59,1054.77,Credit card,9.8,2024-05-26
INV-1331,A,Food,8,54.12,432.96,Cash,5.6,2024-08-23
INV-1332,A,Beauty,10,150.74,1507.4,Credit card,6.3,2024-09-16
INV-1333,C,Food,6,52.35,314.1,Credit card,9.2,2024-02-29
INV-1334,A,Beauty,10,368.35,3683.5,Cash,7.0,2024-01-20
INV-1335,C,Clothing,7,143.27,1002.89,Cash,9.3,2024-01-18
INV-1336,B,Beauty,7,279.88,1959.16,Credit card,4.7,2024-10-25
INV-1337,C,Clothing,10,490.47,4904.7,Cash,7.5,2024-03-09
INV-1338,C,Clothing,6,433.37,2600.22,Ewallet,9.7,2024-02-27
INV-1339,A,Beauty,7,150.81,1055.67,Cash,4.3,2024-05-03
INV-1340,A,Electronics,10,457.9,4579.0,Credit card,7.5,2024-03-11
INV-1341,B,Food,7,481.44,3370.08,Ewallet,8.7,2024-05-13
INV-1342,C,Electronics,10,476.14,4761.4,Credit card,6.4,2024-03-21
INV-1343,C,Food,7,11.81,82.67,Cash,7.1,2024-11-03
INV-1344,C,Food,1,133.65,133.65,Credit card,8.9,2024-03-07
INV-1345,C,Sports,1,195.61,195.61,Cash,9.7,2024-11-29
INV-1346,A,Clothing,1,74.3,74.3,Cash,6.0,2024-04-14
INV-1347,A,Clothing,4,489.55,1958.2,Ewallet,7.5,2024-06-30
INV-1348,A,Clothing,3,272.09,816.27,Credit card,7.3,2024-04-09
INV-1349,B,Clothing,5,31.67,158.35,Credit card,9.0,2024-05-31
INV-1350,A,Electronics,6,203.27,1219.62,Cash,8.2,2024-11-15
INV-1351,B,Food,3,436.29,1308.87,Ewallet,5.0,2024-12-16
INV-1352,A,Electronics,10,213.84,2138.4,Credit card,7.2,2024-04-09
INV-1353,C,Clothing,8,178.33,1426.64,Ewallet,7.2,2024-06-18
INV-1354,B,Food,9,320.28,2882.52,Credit card,7.6,2024-09-17
INV-1355,C,Food,7,378.84,2651.88,Ewallet,7.7,2024-04-21
INV-1356,A,Food,9,286.73,2580.57,Credit card,4.3,2024-08-08
INV-1357,A,Sports,2,406.39,812.78,Cash,9.0,2024-04-27
INV-1358,C,Sports,9,332.66,2993.94,Ewallet,9.0,2024-08-18
INV-1359,B,Beauty,3,292.0,876.0,Cash,8.1,2024-04-13
INV-1360,C,Sports,8,62.81,502.48,Cash,8.4,2024-04-30
INV-1361,A,Food,4,80.42,321.68,Ewallet,4.3,2024-05-07
INV-1362,C,Food,7,45.99,321.93,Cash,6.9,2024-02-21
INV-1363,C,Clothing,9,333.82,3004.38,Ewallet,7.1,2024-09-06
INV-1364,C,Food,9,497.04,4473.36,Ewallet,9.6,2024-11-09
INV-1365,B,Electronics,2,300.76,601.52,Credit card,8.6,2024-12-21
INV-1366,C,Electronics,10,149.6,1496.0,Cash,7.4,2024-09-14
INV-1367,B,Food,1,433.63,433.63,Ewallet,9.0,2024-11-08
INV-1368,A,Food,1,227.95,227.95,Ewallet,4.1,2024-07-09
INV-1369,C,Beauty,7,446.64,3126.48,Cash,6.3,2024-12-25
INV-1370,C,Electronics,2,108.29,216.58,Ewallet,9.0,2024-03-10
INV-1371,B,Electronics,7,101.42,709.94,Credit card,8.5,2024-11-23
INV-1372,A,Clothing,8,219.95,1759.6,Cash,5.0,2024-05-05
INV-1373,B,Beauty,9,418.12,3763.08,Cash,4.0,2024-08-09
INV-1374,C,Food,1,399.45,399.45,Cash,6.1,2024-12-16
INV-1375,C,Clothing,4,126.63,506.52,Ewallet,6.1,2024-01-05
INV-1376,C,Electronics,8,433.33,3466.64,Ewallet,8.3,2024-09-05
INV-1377,C,Clothing,1,281.56,281.56,Credit card,6.3,2024-10-08
INV-1378,C,Sports,5,304.97,1524.85,Credit card,6.5,2024-04-17
INV-1379,C,Beauty,1,477.41,477.41,Cash,4.1,2024-06-02
INV-1380,B,Food,8,119.02,952.16,Credit card,5.4,2024-06-01
INV-1381,C,Sports,8,187.93,1503.44,Cash,8.9,2024-05-20
INV-1382,C,Sports,10,83.14,831.4,Ewallet,4.6,2024-11-15
INV-1383,C,Food,1,307.43,307.43,Cash,4.0,2024-07-12
INV-1384,B,Electronics,10,299.9,2999.0,Cash,7.4,2024-08-18
INV-1385,A,Sports,6,291.15,1746.9,Credit card,5.0,2024-10-17
INV-1386,C,Beauty,9,11.12,100.08,Credit card,7.1,2024-08-21
INV-1387,B,Food,6,76.41,458.46,Cash,8.2,2024-06-26
INV-1388,C,Clothing,1,116.79,116.79,Cash,5.5,2024-02-11
INV-1389,C,Food,7,149.39,1045.73,Cash,4.0,2024-07-29
INV-1390,C,Sports,10,32.42,324.2,Credit card,9.6,2024-12-09
INV-1391,C,Electronics,10,413.14,4131.4,Ewallet,7.0,2024-04-22
INV-1392,C,Clothing,10,362.65,3626.5,Credit card,9.3,2024-05-25
INV-1393,A,Sports,2,93.47,186.94,Credit card,4.8,2024-06-10
INV-1394,B,Sports,9,168.5,1516.5,Cash,10.0,2024-05-11
INV-1395,B,Food,4,138.57,554.28,Ewallet,5.0,2024-10-20
INV-1396,B,Clothing,9,402.47,3622.23,Ewallet,5.3,2024-12-21
INV-1397,C,Sports,2,376.41,752.82,Credit card,4.7,2024-11-14
INV-1398,A,Clothing,10,358.9,3589.0,Ewallet,8.0,2024-07-30
INV-1399,B,Sports,6,405.71,2434.26,Credit card,4.2,2024-12-05
INV-1400,B,Food,9,32.87,295.83,Credit card,7.0,2024-09-03
INV-1401,B,Sports,4,287.67,1150.68,Cash,7.9,2024-04-01
INV-1402,A,Food,2,210.3,420.6,Cash,5.4,2024-08-14
INV-1403,B,Sports,1,227.11,227.11,Ewallet,9.2,2024-03-23
INV-1404,B,Sports,3,254.98,764.94,Cash,7.1,2024-05-12
INV-1405,B,Food,5,267.89,1339.45,Ewallet,8.6,2024-10-03
INV-1406,B,Sports,9,334.34,3009.06,Ewallet,5.3,2024-01-07
INV-1407,A,Food,5,37.15,185.75,Credit card,9.8,2024-02-06
INV-1408,A,Sports,6,74.41,446.46,Ewallet,6.4,2024-11-21
INV-1409,C,Beauty,9,470.5,4234.5,Cash,4.3,2024-07-03
INV-1410,B,Food,10,286.82,2868.2,Cash,8.1,2024-07-23
INV-1411,A,Food,4,142.83,571.32,Cash,8.5,2024-03-24
INV-1412,C,Beauty,9,201.63,1814.67,Ewallet,7.6,2024-08-07
INV-1413,C,Sports,8,216.97,1735.76,Cash,7.0,2024-03-13
INV-1414,C,Clothing,7,425.72,2980.04,Credit card,6.3,2024-11-07
INV-1415,C,Electronics,2,407.63,815.26,Cash,4.7,2024-04-11
INV-1416,A,Sports,1,414.95,414.95,Cash,8.3,2024-12-28
INV-1417,A,Food,10,370.52,3705.2,Ewallet,5.3,2024-12-14
INV-1418,C,Food,10,98.3,983.0,Credit card,10.0,2024-09-03
INV-1419,B,Beauty,5,296.78,1483.9,Credit card,9.2,2024-12-01
INV-1420,A,Electronics,8,25.57,204.56,Ewallet,9.5,2024-06-07
INV-1421,A,Food,4,439.94,1759.76,Credit card,6.3,2024-08-30
INV-1422,A,Electronics,7,284.57,1991.99,Credit card,9.8,2024-09-09
INV-1423,B,Sports,5,281.14,1405.7,Cash,8.9,2024-09-09
INV-1424,A,Beauty,10,490.87,4908.7,Cash,6.3,2024-03-24
INV-1425,A,Beauty,9,124.0,1116.0,Ewallet,4.7,2024-05-30
INV-1426,C,Food,1,176.83,176.83,Ewallet,7.5,2024-08-30
INV-1427,A,Food,10,308.94,3089.4,Cash,9.7,2024-08-28
INV-1428,A,Clothing,7,224.64,1572.48,Cash,8.6,2024-07-13
INV-1429,C,Clothing,5,66.53,332.65,Credit card,8.9,2024-08-09
INV-1430,B,Food,5,75.45,377.25,Credit card,8.9,2024-10-03
INV-1431,C,Clothing,7,23.97,167.79,Ewallet,6.1,2024-04-07
INV-1432,A,Clothing,3,357.59,1072.77,Cash,7.1,2024-05-23
INV-1433,B,Electronics,2,25.39,50.78,Credit card,7.2,2024-12-04
INV-1434,A,Food,7,72.17,505.19,Credit card,7.1,2024-12-14
INV-1435,B,Sports,4,107.74,430.96,Credit card,9.4,2024-06-13
INV-1436,B,Sports,3,393.58,1180.74,Ewallet,6.6,2024-03-01
INV-1437,C,Electronics,1,339.28,339.28,Credit card,8.0,2024-12-03
INV-1438,A,Clothing,7,113.21,792.47,Credit card,9.4,2024-04-12
INV-1439,A,Food,9,266.76,2400.84,Cash,7.1,2024-01-19
INV-1440,A,Beauty,1,307.2,307.2,Ewallet,5.3,2024-08-31
INV-1441,A,Food,5,41.7,208.5,Cash,9.5,2024-05-21
INV-1442,A,Beauty,9,49.94,449.46,Credit card,4.6,2024-10-06
INV-1443,C,Food,6,359.69,2158.14,Credit card,8.4,2024-02-20
INV-1444,C,Food,2,222.01,444.02,Credit card,8.3,2024-06-23
INV-1445,C,Electronics,6,90.15,540.9,Ewallet,8.0,2024-08-23
INV-1446,A,Beauty,2,347.82,695.64,Credit card,6.4,2024-12-23
INV-1447,C,Electronics,10,461.06,4610.6,Credit card,6.7,2024-10-19
INV-1448,C,Beauty,8,67.18,537.44,Ewallet,5.2,2024-09-14
INV-1449,C,Food,1,28.14,28.14,Ewallet,6.7,2024-10-05
INV-1450,A,Clothing,10,238.74,2387.4,Cash,5.3,2024-06-15
INV-1451,B,Food,5,361.78,1808.9,Ewallet,8.7,2024-05-26
INV-1452,A,Beauty,8,257.97,2063.76,Credit card,6.3,2024-07-30
INV-1453,B,Sports,9,184.4,1659.6,Ewallet,7.9,2024-03-20
INV-1454,B,Food,10,227.02,2270.2,Cash,7.6,2024-06-14
INV-1455,C,Electronics,3,288.9,866.7,Cash,8.2,2024-01-12
INV-1456,C,Food,4,132.97,531.88,Ewallet,5.4,2024-10-25
INV-1457,B,Food,10,158.19,1581.9,Credit card,9.2,2024-03-19
INV-1458,C,Electronics,5,452.56,2262.8,Credit card,6.8,2024-11-30
INV-1459,C,Electronics,1,346.32,346.32,Ewallet,6.8,2024-02-09
INV-1460,C,Food,2,362.97,725.94,Cash,9.7,2024-03-29
INV-1461,A,Clothing,8,146.64,1173.12,Credit card,9.0,2024-10-13
INV-1462,C,Food,10,150.43,1504.3,Cash,4.2,2024-06-08
INV-1463,B,Beauty,2,82.15,164.3,Credit card,8.4,2024-01-20
INV-1464,A,Clothing,6,137.82,826.92,Cash,5.9,2024-08-31
INV-1465,A,Electronics,6,278.41,1670.46,Credit card,9.6,2024-02-13
INV-1466,B,Food,1,154.54,154.54,Ewallet,9.8,2024-08-28
INV-1467,B,Food,8,56.49,451.92,Credit card,4.2,2024-11-15
INV-1468,A,Food,10,252.06,2520.6,Ewallet,7.5,2024-08-16
INV-1469,C,Sports,9,141.35,1272.15,Cash,5.3,2024-06-11
INV-1470,A,Sports,10,213.14,2131.4,Cash,7.4,2024-01-18
INV-1471,A,Electronics,7,474.87,3324.09,Credit card,9.4,2024-07-13
INV-1472,A,Electronics,4,354.82,1419.28,Credit card,5.1,2024-02-16
INV-1473,B,Food,8,168.3,1346.4,Credit card,5.8,2024-10-05
INV-1474,A,Clothing,9,113.87,1024.83,Credit card,6.6,2024-12-26
INV-1475,A,Beauty,4,231.89,927.56,Cash,6.9,2024-12-15
INV-1476,B,Sports,2,321.81,643.62,Ewallet,8.0,2024-09-05
INV-1477,B,Electronics,10,186.6,1866.0,Ewallet,8.8,2024-11-19
INV-1478,C,Electronics,2,245.1,490.2,Cash,7.4,2024-08-16
INV-1479,B,Electronics,10,12.89,128.9,Ewallet,7.1,2024-07-31
INV-1480,B,Food,10,26.09,260.9,Ewallet,8.4,2024-09-12
INV-1481,B,Electronics,2,329.37,658.74,Ewallet,4.3,2024-10-17
INV-1482,C,Clothing,5,396.69,1983.45,Ewallet,6.5,2024-04-02
INV-1483,A,Beauty,3,188.27,564.81,Cash,6.6,2024-11-05
INV-1484,C,Food,1,343.39,343.39,Ewallet,9.8,2024-12-26
INV-1485,A,Clothing,4,483.34,1933.36,Cash,7.7,2024-11-16
INV-1486,C,Clothing,4,462.1,1848.4,Credit card,5.2,2024-05-24
INV-1487,A,Electronics,7,205.66,1439.62,Ewallet,7.9,2024-06-07
INV-1488,A,Clothing,3,189.19,567.57,Credit card,4.7,2024-09-07
INV-1489,A,Food,10,186.46,1864.6,Cash,8.1,2024-01-31
INV-1490,B,Electronics,6,460.63,2763.78,Cash,8.4,2024-07-07
INV-1491,C,Beauty,4,327.84,1311.36,Cash,7.0,2024-05-20
INV-1492,C,Beauty,7,37.24,260.68,Cash,5.7,2024-03-02
INV-1493,A,Clothing,2,469.63,939.26,Credit card,8.1,2024-07-13
INV-1494,B,Food,5,185.29,926.45,Cash,8.5,2024-05-15
INV-1495,C,Food,6,288.17,1729.02,Ewallet,9.2,2024-09-08
INV-1496,B,Sports,1,242.09,242.09,Cash,4.8,2024-12-12
INV-1497,B,Sports,2,423.58,847.16,Cash,5.3,2024-09-02
INV-1498,B,Sports,7,328.5,2299.5,Ewallet,5.2,2024-01-21
INV-1499,A,Beauty,9,282.71,2544.39,Credit card,4.5,2024-03-15
INV-1500,B,Sports,2,90.18,180.36,Ewallet,8.3,2024-03-03
INV-1501,C,Food,10,493.29,4932.9,Ewallet,7.1,2024-12-26
INV-1502,C,Food,3,349.07,1047.21,Credit card,7.4,2024-08-20
INV-1503,B,Electronics,1,244.51,244.51,Credit card,10.0,2024-04-09
INV-1504,B,Electronics,9,184.05,1656.45,Ewallet,5.9,2024-11-08
INV-1505,A,Electronics,5,146.8,734.0,Cash,7.3,2024-11-20
INV-1506,B,Food,1,81.76,81.76,Credit card,6.1,2024-09-20
INV-1507,A,Clothing,8,41.5,332.0,Ewallet,6.9,2024-01-31
INV-1508,A,Electronics,7,347.43,2432.01,Credit card,4.5,2024-08-21
INV-1509,B,Sports,8,178.58,1428.64,Credit card,7.4,2024-02-17
INV-1510,C,Food,10,177.87,1778.7,Ewallet,6.8,2024-03-14
INV-1511,B,Electronics,8,220.02,1760.16,Cash,5.9,2024-10-24
INV-1512,B,Food,4,477.34,1909.36,Ewallet,5.3,2024-05-11
INV-1513,B,Clothing,3,136.87,410.61,Ewallet,6.2,2024-01-15
INV-1514,A,Sports,6,323.88,1943.28,Ewallet,7.3,2024-03-31
INV-1515,B,Sports,3,54.68,164.04,Cash,6.2,2024-06-28
INV-1516,C,Food,8,142.29,1138.32,Credit card,9.0,2024-03-11
INV-1517,A,Electronics,3,424.67,1274.01,Credit card,8.4,2024-06-27
INV-1518,B,Beauty,3,289.56,868.68,Ewallet,9.5,2024-06-18
INV-1519,A,Food,2,145.37,290.74,Ewallet,8.7,2024-02-22
INV-1520,C,Electronics,7,470.66,3294.62,Cash,6.4,2024-01-11
INV-1521,B,Beauty,6,97.14,582.84,Ewallet,4.8,2024-05-19
INV-1522,A,Clothing,7,339.78,2378.46,Credit card,9.4,2024-07-13
INV-1523,B,Sports,5,181.07,905.35,Credit card,7.4,2024-08-05
INV-1524,C,Sports,10,480.7,4807.0,Ewallet,8.7,2024-08-31
INV-1525,C,Clothing,3,335.22,1005.66,Cash,7.9,2024-08-31
INV-1526,A,Sports,5,232.13,1160.65,Cash,5.2,2024-08-18
INV-1527,B,Electronics,4,480.65,1922.6,Credit card,7.2,2024-04-19
INV-1528,A,Beauty,1,208.25,208.25,Cash,6.3,2024-01-22
INV-1529,B,Electronics,1,157.66,157.66,Cash,5.8,2024-05-17
INV-1530,C,Sports,2,163.67,327.34,Cash,10.0,2024-11-22
INV-1531,C,Beauty,3,306.5,919.5,Cash,5.1,2024-02-21
INV-1532,B,Beauty,10,435.94,4359.4,Ewallet,4.1,2024-08-03
INV-1533,C,Electronics,8,124.11,992.88,Credit card,9.1,2024-04-23
INV-1534,A,Beauty,5,46.34,231.7,Credit card,6.3,2024-01-28
INV-1535,A,Beauty,8,129.49,1035.92,Credit card,5.9,2024-08-27
INV-1536,C,Clothing,7,147.22,1030.54,Credit card,8.5,2024-12-13
INV-1537,C,Sports,4,224.17,896.68,Credit card,5.5,2024-11-20
INV-1538,A,Food,6,242.94,1457.64,Ewallet,5.0,2024-02-22
INV-1539,C,Electronics,4,158.25,633.0,Ewallet,5.7,2024-10-19
INV-1540,C,Clothing,1,125.45,125.45,Ewallet,6.6,2024-11-28
INV-1541,C,Electronics,10,417.99,4179.9,Credit card,9.7,2024-01-28
INV-1542,B,Beauty,6,358.23,2149.38,Ewallet,7.7,2024-01-11
INV-1543,A,Beauty,3,327.2,981.6,Credit card,6.6,2024-04-23
INV-1544,B,Electronics,1,372.2,372.2,Ewallet,8.4,2024-11-25
INV-1545,B,Sports,7,431.75,3022.25,Ewallet,8.3,2024-03-13
INV-1546,A,Beauty,8,366.6,2932.8,Ewallet,6.8,2024-09-10
INV-1547,A,Electronics,8,180.42,1443.36,Cash,9.5,2024-03-20
INV-1548,C,Clothing,10,270.47,2704.7,Credit card,8.1,2024-11-09
INV-1549,A,Electronics,10,489.93,4899.3,Ewallet,9.0,2024-09-06
INV-1550,A,Electronics,9,461.57,4154.13,Credit card,5.9,2024-06-08
INV-1551,A,Food,3,391.85,1175.55,Ewallet,9.3,2024-12-29
INV-1552,A,Clothing,8,339.72,2717.76,Cash,7.6,2024-10-06
INV-1553,C,Food,8,472.44,3779.52,Ewallet,7.8,2024-09-22
INV-1554,B,Electronics,7,262.74,1839.18,Ewallet,7.3,2024-09-27
INV-1555,B,Clothing,3,235.92,707.76,Cash,4.6,2024-01-22
INV-1556,C,Food,9,455.53,4099.77,Cash,9.5,2024-05-26
INV-1557,C,Sports,8,498.73,3989.84,Cash,6.9,2024-02-28
INV-1558,B,Electronics,9,250.43,2253.87,Ewallet,5.4,2024-12-16
INV-1559,C,Clothing,9,140.86,1267.74,Ewallet,7.3,2024-12-18
INV-1560,A,Food,4,216.03,864.12,Credit card,9.8,2024-06-14
INV-1561,A,Clothing,10,243.51,2435.1,Credit card,6.5,2024-08-21
INV-1562,C,Sports,9,59.27,533.43,Ewallet,8.5,2024-12-06
INV-1563,A,Sports,1,69.85,69.85,Cash,7.5,2024-04-19
INV-1564,C,Electronics,7,490.59,3434.13,Ewallet,5.0,2024-04-25
INV-1565,B,Sports,10,282.46,2824.6,Cash,9.9,2024-10-24
INV-1566,C,Beauty,8,88.75,710.0,Cash,4.3,2024-05-14
INV-1567,A,Beauty,7,209.22,1464.54,Ewallet,7.0,2024-07-10
INV-1568,B,Food,6,437.83,2626.98,Credit card,8.8,2024-12-12
INV-1569,C,Electronics,5,84.65,423.25,Credit card,5.0,2024-10-27
INV-1570,B,Sports,2,449.07,898.14,Credit card,5.3,2024-03-18
INV-1571,C,Electronics,7,389.33,2725.31,Cash,6.9,2024-11-12
INV-1572,C,Sports,8,303.0,2424.0,Credit card,4.9,2024-01-15
INV-1573,A,Electronics,1,480.06,480.06,Cash,7.6,2024-05-09
INV-1574,B,Food,3,16.24,48.72,Cash,5.2,2024-04-25
INV-1575,A,Sports,3,48.45,145.35,Cash,9.1,2024-07-17
INV-1576,C,Clothing,5,377.51,1887.55,Cash,9.0,2024-07-20
INV-1577,A,Sports,6,485.41,2912.46,Ewallet,6.9,2024-12-11
INV-1578,C,Sports,5,378.5,1892.5,Credit card,7.5,2024-10-21
INV-1579,B,Food,9,242.04,2178.36,Credit card,5.4,2024-11-12
INV-1580,B,Beauty,8,120.93,967.44,Ewallet,5.0,2024-02-17
INV-1581,C,Food,1,315.46,315.46,Ewallet,10.0,2024-04-30
INV-1582,B,Beauty,2,462.16,924.32,Ewallet,6.5,2024-02-08
INV-1583,C,Clothing,9,492.65,4433.85,Cash,4.3,2024-01-01
INV-1584,B,Electronics,8,288.48,2307.84,Credit card,9.4,2024-12-21
INV-1585,A,Clothing,7,399.02,2793.14,Cash,8.1,2024-09-29
INV-1586,C,Food,1,52.04,52.04,Ewallet,6.9,2024-06-28
INV-1587,C,Food,10,76.98,769.8,Ewallet,8.7,2024-11-11
INV-1588,A,Food,10,99.99,999.9,Cash,6.0,2024-01-14
INV-1589,B,Clothing,2,101.77,203.54,Credit card,4.6,2024-07-05
INV-1590,C,Clothing,6,377.18,2263.08,Cash,8.9,2024-01-06
INV-1591,B,Sports,3,69.25,207.75,Ewallet,7.0,2024-01-05
INV-1592,B,Sports,8,478.83,3830.64,Ewallet,8.1,2024-03-01
INV-1593,C,Sports,1,136.95,136.95,Credit card,4.6,2024-02-28
INV-1594,A,Electronics,9,372.14,3349.26,Ewallet,10.0,2024-04-10
INV-1595,C,Clothing,4,375.52,1502.08,Credit card,8.1,2024-09-10
INV-1596,C,Beauty,7,66.99,468.93,Ewallet,6.7,2024-12-30
INV-1597,A,Sports,10,404.24,4042.4,Cash,9.5,2024-07-13
INV-1598,A,Electronics,1,233.47,233.47,Cash,6.6,2024-03-04
INV-1599,A,Clothing,1,95.75,95.75,Credit card,8.3,2024-11-03
INV-1600,C,Beauty,4,179.56,718.24,Ewallet,5.9,2024-11-29
INV-1601,A,Electronics,2,224.32,448.64,Cash,9.9,2024-09-06
INV-1602,C,Clothing,5,494.84,2474.2,Cash,5.8,2024-06-27
INV-1603,B,Sports,9,210.23,1892.07,Cash,5.2,2024-08-19
INV-1604,B,Clothing,10,322.69,3226.9,Cash,7.3,2024-10-14
INV-1605,A,Sports,2,310.64,621.28,Ewallet,6.5,2024-02-26
INV-1606,B,Beauty,8,132.09,1056.72,Cash,5.9,2024-06-12
INV-1607,B,Electronics,7,488.01,3416.07,Ewallet,4.6,2024-11-15
INV-1608,B,Electronics,2,348.7,697.4,Ewallet,8.1,2024-08-18
INV-1609,B,Electronics,5,365.4,1827.0,Ewallet,5.5,2024-12-16
INV-1610,C,Sports,10,111.04,1110.4,Cash,5.5,2024-02-11
INV-1611,A,Food,4,55.45,221.8,Ewallet,6.0,2024-02-17
INV-1612,B,Beauty,10,166.63,1666.3,Credit card,7.0,2024-12-02
INV-1613,B,Food,4,404.87,1619.48,Credit card,9.4,2024-11-16
INV-1614,A,Clothing,10,315.47,3154.7,Ewallet,5.3,2024-03-31
INV-1615,C,Sports,10,196.91,1969.1,Ewallet,9.5,2024-04-24
INV-1616,C,Food,4,326.31,1305.24,Cash,5.7,2024-01-23
INV-1617,A,Electronics,4,185.77,743.08,Cash,5.0,2024-10-20
INV-1618,B,Food,2,344.83,689.66,Cash,6.5,2024-05-14
INV-1619,C,Food,1,252.42,252.42,Cash,7.9,2024-05-07
INV-1620,C,Electronics,6,179.8,1078.8,Credit card,8.0,2024-07-27
INV-1621,A,Food,7,365.03,2555.21,Cash,5.9,2024-07-14
INV-1622,C,Sports,9,83.52,751.68,Cash,7.0,2024-05-21
INV-1623,C,Clothing,5,439.73,2198.65,Credit card,9.0,2024-08-19
INV-1624,C,Food,1,398.86,398.86,Cash,7.2,2024-03-12
INV-1625,A,Electronics,10,427.57,4275.7,Cash,9.1,2024-07-03
INV-1626,C,Sports,6,201.67,1210.02,Credit card,7.1,2024-03-16
INV-1627,C,Beauty,9,406.58,3659.22,Cash,6.5,2024-05-30
INV-1628,C,Clothing,5,177.43,887.15,Ewallet,4.6,2024-10-18
INV-1629,C,Electronics,8,32.62,260.96,Cash,7.6,2024-07-15
INV-1630,C,Sports,2,319.82,639.64,Ewallet,8.1,2024-04-02
INV-1631,C,Sports,8,154.67,1237.36,Cash,4.9,2024-12-18
INV-1632,B,Beauty,5,200.42,1002.1,Credit card,4.2,2024-03-12
INV-1633,C,Electronics,2,309.57,619.14,Ewallet,6.5,2024-10-31
INV-1634,C,Food,1,80.81,80.81,Credit card,8.7,2024-11-18
INV-1635,A,Clothing,10,221.79,2217.9,Ewallet,4.9,2024-03-15
INV-1636,C,Clothing,6,337.05,2022.3,Cash,6.2,2024-04-16
INV-1637,C,Clothing,9,198.67,1788.03,Cash,7.5,2024-06-24
INV-1638,C,Beauty,1,62.16,62.16,Cash,8.9,2024-12-03
INV-1639,C,Electronics,8,211.76,1694.08,Ewallet,7.5,2024-04-13
INV-1640,C,Food,3,496.44,1489.32,Credit card,7.9,2024-10-18
INV-1641,C,Sports,6,459.14,2754.84,Ewallet,8.3,2024-07-20
INV-1642,B,Clothing,5,254.78,1273.9,Ewallet,7.5,2024-10-27
INV-1643,B,Clothing,9,261.64,2354.76,Cash,7.5,2024-03-07
INV-1644,C,Beauty,3,332.81,998.43,Ewallet,6.6,2024-12-11
INV-1645,B,Clothing,5,312.2,1561.0,Cash,9.9,2024-03-04
INV-1646,C,Clothing,4,347.63,1390.52,Cash,5.6,2024-10-21
INV-1647,A,Food,5,391.9,1959.5,Credit card,6.3,2024-05-28
INV-1648,A,Food,6,272.23,1633.38,Credit card,9.9,2024-04-10
INV-1649,A,Food,2,168.05,336.1,Ewallet,7.3,2024-12-26
INV-1650,C,Food,5,355.89,1779.45,Credit card,5.3,2024-09-21
INV-1651,B,Food,6,499.66,2997.96,Ewallet,4.1,2024-12-30
INV-1652,C,Sports,3,323.28,969.84,Credit card,9.1,2024-05-23
INV-1653,B,Electronics,9,159.7,1437.3,Ewallet,9.2,2024-07-24
INV-1654,C,Food,8,55.11,440.88,Cash,9.5,2024-06-19
INV-1655,A,Beauty,5,258.97,1294.85,Ewallet,6.2,2024-03-04
INV-1656,B,Electronics,3,290.25,870.75,Ewallet,5.4,2024-03-22
INV-1657,B,Clothing,7,177.48,1242.36,Ewallet,9.5,2024-10-08
INV-1658,A,Clothing,2,259.24,518.48,Ewallet,5.6,2024-09-29
INV-1659,A,Clothing,8,178.76,1430.08,Credit card,6.4,2024-08-04
INV-1660,B,Food,10,150.18,1501.8,Ewallet,8.5,2024-06-20
INV-1661,A,Clothing,5,89.21,446.05,Cash,9.7,2024-11-26
INV-1662,A,Food,4,350.93,1403.72,Cash,9.7,2024-02-16
INV-1663,A,Clothing,9,52.84,475.56,Credit card,5.9,2024-05-01
INV-1664,A,Food,10,135.91,1359.1,Credit card,4.6,2024-09-28
INV-1665,C,Clothing,9,474.21,4267.89,Credit card,5.8,2024-01-01
INV-1666,C,Clothing,3,159.06,477.18,Cash,9.8,2024-04-29
INV-1667,A,Electronics,7,415.85,2910.95,Credit card,4.3,2024-08-20
INV-1668,C,Sports,5,498.67,2493.35,Ewallet,8.7,2024-10-07
INV-1669,C,Food,4,410.61,1642.44,Ewallet,4.7,2024-05-21
INV-1670,A,Beauty,1,264.97,264.97,Credit card,7.1,2024-04-10
INV-1671,C,Electronics,2,411.75,823.5,Ewallet,6.8,2024-07-16
INV-1672,A,Electronics,3,103.97,311.91,Cash,6.8,2024-01-05
INV-1673,A,Beauty,9,60.98,548.82,Ewallet,5.7,2024-05-26
INV-1674,C,Food,3,106.96,320.88,Credit card,6.6,2024-10-01
INV-1675,B,Food,4,186.26,745.04,Cash,5.4,2024-01-23
INV-1676,C,Food,2,90.72,181.44,Cash,7.1,2024-03-30
INV-1677,B,Food,4,133.01,532.04,Credit card,7.6,2024-07-07
INV-1678,C,Clothing,8,166.14,1329.12,Credit card,6.8,2024-02-29
INV-1679,A,Electronics,3,77.97,233.91,Ewallet,6.7,2024-01-12
INV-1680,C,Food,9,419.19,3772.71,Credit card,6.7,2024-09-13
INV-1681,C,Beauty,3,81.16,243.48,Credit card,9.8,2024-06-13
INV-1682,B,Clothing,9,129.22,1162.98,Cash,8.0,2024-02-16
INV-1683,C,Beauty,2,218.02,436.04,Credit card,8.8,2024-07-12
INV-1684,A,Electronics,3,355.65,1066.95,Cash,7.0,2024-10-31
INV-1685,C,Electronics,10,164.99,1649.9,Credit card,5.0,2024-09-15
INV-1686,C,Beauty,4,63.68,254.72,Credit card,4.4,2024-11-28
INV-1687,C,Food,4,277.75,1111.0,Credit card,7.9,2024-02-05
INV-1688,C,Sports,3,381.4,1144.2,Ewallet,8.9,2024-04-23
INV-1689,A,Beauty,9,346.84,3121.56,Cash,8.7,2024-03-09
INV-1690,C,Electronics,4,481.31,1925.24,Cash,5.4,2024-07-17
INV-1691,A,Clothing,9,416.71,3750.39,Credit card,7.8,2024-08-06
INV-1692,A,Clothing,4,80.49,321.96,Cash,4.4,2024-02-13
INV-1693,A,Beauty,3,328.1,984.3,Ewallet,7.0,2024-07-21
INV-1694,A,Food,2,335.16,670.32,Credit card,7.3,2024-10-20
INV-1695,B,Electronics,9,467.23,4205.07,Ewallet,5.5,2024-03-03
INV-1696,C,Sports,2,30.04,60.08,Credit card,6.4,2024-02-14
INV-1697,B,Clothing,6,360.45,2162.7,Ewallet,9.1,2024-01-29
INV-1698,A,Clothing,2,274.98,549.96,Ewallet,4.8,2024-07-16
INV-1699,A,Food,8,36.54,292.32,Cash,6.2,2024-05-02
INV-1700,C,Electronics,8,360.69,2885.52,Ewallet,5.5,2024-05-24
INV-1701,B,Beauty,1,422.38,422.38,Cash,4.0,2024-04-05
INV-1702,C,Beauty,6,487.0,2922.0,Cash,6.8,2024-07-08
INV-1703,C,Electronics,4,367.55,1470.2,Credit card,9.1,2024-05-11
INV-1704,C,Clothing,1,481.28,481.28,Ewallet,9.5,2024-08-06
INV-1705,C,Beauty,8,473.44,3787.52,Credit card,8.7,2024-04-01
INV-1706,B,Electronics,7,74.81,523.67,Ewallet,9.6,2024-05-15
INV-1707,B,Electronics,7,212.53,1487.71,Ewallet,4.2,2024-06-15
INV-1708,B,Food,5,497.19,2485.95,Ewallet,4.3,2024-01-21
INV-1709,C,Sports,3,439.99,1319.97,Cash,5.8,2024-02-29
INV-1710,B,Food,9,212.02,1908.18,Credit card,6.8,2024-07-29
INV-1711,B,Sports,1,11.09,11.09,Credit card,9.9,2024-12-08
INV-1712,C,Electronics,10,330.05,3300.5,Ewallet,9.2,2024-03-29
INV-1713,C,Sports,8,56.48,451.84,Cash,8.9,2024-03-16
INV-1714,A,Electronics,10,260.8,2608.0,Credit card,5.2,2024-02-03
INV-1715,C,Food,1,261.83,261.83,Cash,7.6,2024-04-03
INV-1716,C,Sports,1,390.06,390.06,Ewallet,9.3,2024-05-09
INV-1717,B,Sports,6,444.78,2668.68,Ewallet,8.0,2024-01-30
INV-1718,C,Food,4,398.17,1592.68,Ewallet,4.6,2024-03-07
INV-1719,C,Electronics,10,215.78,2157.8,Credit card,8.1,2024-11-20
INV-1720,B,Food,8,496.81,3974.48,Cash,5.6,2024-05-05
INV-1721,B,Clothing,2,179.73,359.46,Cash,7.2,2024-05-03
INV-1722,B,Clothing,6,232.81,1396.86,Cash,5.7,2024-07-25
INV-1723,B,Food,10,297.73,2977.3,Cash,6.3,2024-03-18
INV-1724,B,Beauty,7,468.74,3281.18,Credit card,9.9,2024-08-09
INV-1725,C,Clothing,5,388.94,1944.7,Ewallet,9.7,2024-06-07
INV-1726,C,Beauty,3,258.13,774.39,Credit card,7.3,2024-11-12
INV-1727,A,Sports,5,491.32,2456.6,Ewallet,5.8,2024-01-17
INV-1728,A,Electronics,2,192.53,385.06,Ewallet,9.1,2024-02-18
INV-1729,B,Food,4,16.14,64.56,Credit card,9.4,2024-02-29
INV-1730,C,Sports,4,441.35,1765.4,Credit card,6.1,2024-11-09
INV-1731,B,Food,3,76.15,228.45,Cash,4.0,2024-09-12
INV-1732,B,Clothing,9,384.91,3464.19,Credit card,5.0,2024-04-01
INV-1733,C,Sports,10,184.33,1843.3,Cash,4.1,2024-01-26
INV-1734,C,Food,6,141.65,849.9,Ewallet,8.1,2024-03-02
INV-1735,C,Electronics,5,475.98,2379.9,Cash,9.7,2024-09-27
INV-1736,A,Sports,1,342.0,342.0,Cash,4.3,2024-07-22
INV-1737,B,Sports,6,368.86,2213.16,Cash,4.5,2024-04-20
INV-1738,B,Sports,9,183.76,1653.84,Ewallet,6.5,2024-06-20
INV-1739,A,Electronics,3,356.34,1069.02,Ewallet,9.2,2024-03-01
INV-1740,C,Electronics,4,430.65,1722.6,Ewallet,9.2,2024-05-18
INV-1741,A,Food,6,135.35,812.1,Credit card,6.4,2024-01-10
INV-1742,B,Food,1,259.89,259.89,Credit card,4.5,2024-03-08
INV-1743,B,Beauty,6,172.7,1036.2,Cash,7.1,2024-01-02
INV-1744,B,Beauty,8,116.43,931.44,Ewallet,9.4,2024-11-24
INV-1745,C,Electronics,9,123.57,1112.13,Cash,4.1,2024-04-23
INV-1746,C,Clothing,9,277.06,2493.54,Ewallet,6.5,2024-05-23
INV-1747,A,Electronics,10,97.03,970.3,Credit card,7.0,2024-07-28
INV-1748,B,Electronics,8,217.63,1741.04,Cash,9.3,2024-06-19
INV-1749,C,Sports,9,103.51,931.59,Credit card,5.2,2024-08-17
INV-1750,A,Clothing,7,410.77,2875.39,Credit card,6.4,2024-11-21
INV-1751,A,Beauty,3,424.43,1273.29,Cash,8.4,2024-09-12
INV-1752,A,Sports,1,349.41,349.41,Cash,5.9,2024-03-24
INV-1753,A,Food,6,27.35,164.1,Credit card,8.4,2024-01-19
INV-1754,C,Food,1,231.16,231.16,Credit card,5.1,2024-12-21
INV-1755,A,Clothing,8,282.56,2260.48,Credit card,8.4,2024-11-21
INV-1756,A,Beauty,4,48.28,193.12,Ewallet,9.1,2024-09-05
INV-1757,C,Sports,8,482.4,3859.2,Credit card,5.0,2024-12-20
INV-1758,C,Electronics,4,415.49,1661.96,Cash,7.0,2024-03-23
INV-1759,B,Clothing,8,484.96,3879.68,Ewallet,6.1,2024-10-15
INV-1760,C,Sports,2,235.81,471.62,Cash,7.4,2024-08-20
INV-1761,C,Beauty,6,294.11,1764.66,Credit card,5.9,2024-05-30
INV-1762,A,Food,3,103.58,310.74,Ewallet,4.4,2024-12-12
INV-1763,B,Sports,6,112.36,674.16,Credit card,8.5,2024-12-23
INV-1764,B,Sports,4,223.67,894.68,Credit card,8.2,2024-02-21
INV-1765,C,Food,7,243.65,1705.55,Credit card,7.3,2024-03-10
INV-1766,A,Food,7,194.03,1358.21,Ewallet,6.0,2024-08-10
INV-1767,C,Food,7,82.55,577.85,Ewallet,7.7,2024-03-19
INV-1768,C,Clothing,9,498.46,4486.14,Cash,8.4,2024-09-29
INV-1769,B,Sports,4,443.6,1774.4,Cash,9.0,2024-03-24
INV-1770,A,Beauty,8,255.78,2046.24,Cash,6.6,2024-07-15
INV-1771,B,Food,1,105.78,105.78,Cash,7.5,2024-05-28
INV-1772,B,Electronics,5,393.17,1965.85,Credit card,8.9,2024-06-07
INV-1773,B,Beauty,6,207.99,1247.94,Credit card,4.0,2024-11-13
INV-1774,B,Food,9,281.04,2529.36,Cash,7.6,2024-08-24
INV-1775,B,Food,2,338.66,677.32,Cash,8.5,2024-05-26
INV-1776,A,Sports,4,493.93,1975.72,Cash,9.9,2024-12-11
INV-1777,B,Food,4,67.44,269.76,Ewallet,4.4,2024-01-02
INV-1778,B,Beauty,5,136.0,680.0,Credit card,7.9,2024-08-26
INV-1779,C,Electronics,10,304.4,3044.0,Ewallet,5.6,2024-10-13
INV-1780,A,Clothing,2,289.17,578.34,Credit card,9.3,2024-06-04
INV-1781,C,Beauty,10,211.8,2118.0,Ewallet,9.2,2024-08-06
INV-1782,C,Electronics,4,360.15,1440.6,Credit card,4.4,2024-03-12
INV-1783,A,Beauty,3,63.4,190.2,Cash,7.5,2024-07-19
INV-1784,B,Sports,4,318.78,1275.12,Credit card,6.1,2024-02-28
INV-1785,C,Sports,3,379.33,1137.99,Credit card,8.1,2024-04-18
INV-1786,C,Beauty,2,382.82,765.64,Ewallet,8.8,2024-04-10
INV-1787,B,Sports,5,268.6,1343.0,Ewallet,9.8,2024-11-07
INV-1788,A,Beauty,8,306.41,2451.28,Ewallet,5.1,2024-11-22
INV-1789,C,Sports,5,123.0,615.0,Credit card,7.2,2024-06-12
INV-1790,A,Electronics,9,203.22,1828.98,Ewallet,8.0,2024-06-10
INV-1791,A,Food,5,126.07,630.35,Ewallet,4.2,2024-12-07
INV-1792,C,Food,7,253.01,1771.07,Ewallet,5.9,2024-02-14
INV-1793,B,Electronics,5,426.42,2132.1,Cash,9.3,2024-08-22
INV-1794,C,Beauty,1,63.07,63.07,Cash,9.3,2024-07-27
INV-1795,A,Beauty,10,353.6,3536.0,Credit card,6.5,2024-01-11
INV-1796,B,Sports,9,81.66,734.94,Ewallet,7.8,2024-08-24
INV-1797,C,Food,1,107.37,107.37,Credit card,8.9,2024-02-06
INV-1798,C,Electronics,2,126.26,252.52,Ewallet,9.7,2024-12-04
INV-1799,B,Clothing,10,79.04,790.4,Ewallet,9.3,2024-11-18
INV-1800,A,Electronics,1,278.48,278.48,Ewallet,5.8,2024-12-19
INV-1801,B,Beauty,9,440.02,3960.18,Credit card,6.4,2024-04-11
INV-1802,B,Sports,6,346.34,2078.04,Credit card,4.3,2024-09-24
INV-1803,A,Sports,2,395.16,790.32,Credit card,9.3,2024-08-06
INV-1804,B,Food,3,424.78,1274.34,Cash,9.5,2024-12-19
INV-1805,B,Sports,5,49.3,246.5,Ewallet,4.5,2024-06-22
INV-1806,C,Clothing,7,300.25,2101.75,Ewallet,6.8,2024-02-19
INV-1807,A,Electronics,4,455.47,1821.88,Ewallet,5.4,2024-07-18
INV-1808,B,Electronics,2,429.02,858.04,Cash,9.9,2024-02-28
INV-1809,A,Beauty,1,60.13,60.13,Ewallet,5.8,2024-12-15
INV-1810,C,Beauty,7,345.97,2421.79,Cash,8.0,2024-11-21
INV-1811,A,Beauty,7,318.55,2229.85,Ewallet,7.1,2024-12-21
INV-1812,C,Clothing,8,62.68,501.44,Cash,7.9,2024-11-01
INV-1813,A,Food,10,220.81,2208.1,Ewallet,4.2,2024-02-19
INV-1814,A,Electronics,5,200.44,1002.2,Cash,9.5,2024-10-27
INV-1815,C,Food,9,413.92,3725.28,Credit card,8.9,2024-01-17
INV-1816,B,Food,5,317.68,1588.4,Credit card,5.9,2024-06-13
INV-1817,A,Beauty,10,351.21,3512.1,Cash,8.2,2024-11-11
INV-1818,C,Sports,2,469.08,938.16,Cash,9.5,2024-12-09
INV-1819,C,Food,9,280.93,2528.37,Cash,9.4,2024-03-20
INV-1820,C,Sports,1,31.17,31.17,Cash,9.4,2024-05-26
INV-1821,C,Electronics,5,383.96,1919.8,Ewallet,9.5,2024-06-09
INV-1822,A,Sports,2,427.55,855.1,Credit card,4.7,2024-09-18
INV-1823,B,Clothing,2,278.58,557.16,Credit card,4.8,2024-04-02
INV-1824,B,Food,6,265.61,1593.66,Ewallet,4.1,2024-02-22
INV-1825,B,Beauty,10,464.35,4643.5,Ewallet,6.3,2024-11-08
INV-1826,B,Clothing,2,10.33,20.66,Ewallet,5.1,2024-08-25
INV-1827,B,Beauty,7,324.56,2271.92,Ewallet,4.8,2024-09-08
INV-1828,B,Beauty,1,110.42,110.42,Ewallet,6.6,2024-03-27
INV-1829,B,Clothing,2,219.7,439.4,Ewallet,8.9,2024-11-02
INV-1830,B,Beauty,8,345.2,2761.6,Ewallet,5.8,2024-02-29
INV-1831,B,Sports,1,432.27,432.27,Credit card,8.5,2024-05-31
INV-1832,A,Food,4,209.34,837.36,Cash,6.4,2024-11-23
INV-1833,B,Food,9,397.58,3578.22,Credit card,7.9,2024-01-30
INV-1834,A,Food,9,237.39,2136.51,Ewallet,4.6,2024-09-13
INV-1835,B,Food,8,442.0,3536.0,Ewallet,8.0,2024-04-27
INV-1836,C,Beauty,4,420.11,1680.44,Cash,4.7,2024-11-13
INV-1837,A,Clothing,5,474.62,2373.1,Ewallet,5.2,2024-12-12
INV-1838,C,Electronics,8,151.85,1214.8,Ewallet,9.2,2024-10-14
INV-1839,B,Clothing,6,344.05,2064.3,Cash,6.6,2024-08-27
INV-1840,A,Electronics,2,226.03,452.06,Cash,5.5,2024-03-20
INV-1841,C,Food,8,277.53,2220.24,Cash,7.2,2024-10-18
INV-1842,C,Beauty,3,341.79,1025.37,Ewallet,6.2,2024-08-18
INV-1843,A,Electronics,5,176.52,882.6,Ewallet,7.8,2024-08-21
INV-1844,B,Sports,7,434.19,3039.33,Credit card,4.7,2024-02-13
INV-1845,C,Sports,10,267.34,2673.4,Cash,5.5,2024-07-15
INV-1846,B,Electronics,9,173.34,1560.06,Cash,5.4,2024-11-15
INV-1847,C,Clothing,10,207.45,2074.5,Cash,4.2,2024-11-13
INV-1848,B,Sports,6,461.74,2770.44,Ewallet,5.8,2024-08-29
INV-1849,B,Sports,9,408.02,3672.18,Ewallet,8.5,2024-01-29
INV-1850,C,Food,1,136.88,136.88,Credit card,8.0,2024-06-16
INV-1851,A,Sports,10,224.95,2249.5,Ewallet,6.5,2024-02-16
INV-1852,C,Beauty,10,141.84,1418.4,Ewallet,9.1,2024-08-30
INV-1853,A,Sports,2,294.25,588.5,Credit card,6.3,2024-02-06
INV-1854,C,Clothing,7,364.85,2553.95,Cash,9.5,2024-07-13
INV-1855,C,Sports,3,415.59,1246.77,Ewallet,6.0,2024-04-20
INV-1856,B,Sports,4,266.28,1065.12,Cash,9.7,2024-11-10
INV-1857,C,Beauty,5,252.29,1261.45,Ewallet,8.5,2024-01-21
INV-1858,B,Sports,3,412.26,1236.78,Ewallet,7.2,2024-08-30
INV-1859,C,Electronics,6,248.35,1490.1,Cash,7.7,2024-09-25
INV-1860,A,Food,3,360.77,1082.31,Ewallet,6.0,2024-01-30
INV-1861,A,Electronics,10,254.76,2547.6,Credit card,9.6,2024-09-26
INV-1862,A,Beauty,1,134.46,134.46,Cash,7.4,2024-11-19
INV-1863,A,Electronics,5,474.04,2370.2,Cash,5.1,2024-11-20
INV-1864,A,Clothing,5,164.56,822.8,Ewallet,8.7,2024-06-13
INV-1865,B,Electronics,1,138.36,138.36,Cash,6.5,2024-04-13
INV-1866,B,Clothing,7,444.45,3111.15,Cash,4.8,2024-03-19
INV-1867,A,Sports,5,258.21,1291.05,Ewallet,4.2,2024-01-11
INV-1868,A,Sports,9,371.24,3341.16,Ewallet,8.3,2024-12-11
INV-1869,B,Food,10,40.35,403.5,Credit card,8.8,2024-09-03
INV-1870,C,Sports,8,213.02,1704.16,Ewallet,6.4,2024-11-06
INV-1871,A,Clothing,1,83.84,83.84,Ewallet,4.2,2024-06-24
INV-1872,A,Clothing,8,104.9,839.2,Ewallet,5.3,2024-12-14
INV-1873,C,Sports,10,482.8,4828.0,Cash,7.3,2024-10-25
INV-1874,B,Electronics,7,448.72,3141.04,Credit card,5.4,2024-05-05
INV-1875,B,Clothing,7,485.75,3400.25,Credit card,8.2,2024-07-30
INV-1876,B,Clothing,1,201.05,201.05,Cash,4.6,2024-01-19
INV-1877,B,Electronics,9,240.46,2164.14,Cash,8.2,2024-05-31
INV-1878,B,Clothing,4,430.63,1722.52,Ewallet,8.3,2024-11-22
INV-1879,B,Electronics,8,20.01,160.08,Ewallet,8.7,2024-03-13
INV-1880,A,Clothing,3,362.07,1086.21,Ewallet,7.0,2024-12-04
INV-1881,C,Sports,6,174.54,1047.24,Ewallet,5.2,2024-05-24
INV-1882,C,Food,6,303.22,1819.32,Credit card,7.4,2024-10-26
INV-1883,B,Food,4,223.5,894.0,Ewallet,5.2,2024-08-27
INV-1884,C,Beauty,7,99.29,695.03,Cash,5.3,2024-02-26
INV-1885,A,Food,6,35.32,211.92,Credit card,5.4,2024-11-05
INV-1886,A,Clothing,8,470.28,3762.24,Credit card,4.6,2024-02-23
INV-1887,A,Electronics,4,331.69,1326.76,Ewallet,9.5,2024-02-20
INV-1888,A,Clothing,7,412.77,2889.39,Ewallet,4.2,2024-10-14
INV-1889,C,Food,1,406.22,406.22,Credit card,6.3,2024-06-12
INV-1890,A,Clothing,2,354.13,708.26,Cash,9.3,2024-02-15
INV-1891,B,Clothing,7,299.55,2096.85,Cash,5.2,2024-06-21
INV-1892,B,Sports,6,335.73,2014.38,Cash,7.6,2024-11-19
INV-1893,A,Food,8,343.79,2750.32,Cash,8.5,2024-05-25
INV-1894,A,Electronics,8,471.59,3772.72,Credit card,7.4,2024-11-30
INV-1895,C,Food,2,128.26,256.52,Cash,6.4,2024-03-12
INV-1896,B,Electronics,8,475.88,3807.04,Credit card,7.9,2024-12-08
INV-1897,B,Electronics,7,36.26,253.82,Ewallet,8.1,2024-07-20
INV-1898,C,Clothing,4,303.28,1213.12,Cash,4.3,2024-04-16
INV-1899,A,Clothing,9,362.95,3266.55,Ewallet,6.9,2024-05-05
INV-1900,B,Electronics,8,286.27,2290.16,Ewallet,4.2,2024-02-04
INV-1901,B,Beauty,4,244.87,979.48,Credit card,5.0,2024-07-29
INV-1902,B,Beauty,9,57.72,519.48,Ewallet,4.4,2024-05-28
INV-1903,A,Sports,10,494.69,4946.9,Ewallet,6.8,2024-08-19
INV-1904,B,Sports,9,68.99,620.91,Cash,4.4,2024-07-22
INV-1905,A,Electronics,3,140.33,420.99,Cash,4.1,2024-02-16
INV-1906,C,Sports,4,44.95,179.8,Cash,7.3,2024-06-26
INV-1907,A,Food,4,62.55,250.2,Credit card,4.4,2024-03-28
INV-1908,A,Food,6,138.86,833.16,Cash,4.7,2024-06-20
INV-1909,B,Beauty,5,490.66,2453.3,Ewallet,9.6,2024-10-27
INV-1910,A,Beauty,5,195.01,975.05,Credit card,5.8,2024-08-21
INV-1911,C,Clothing,10,59.69,596.9,Ewallet,5.1,2024-04-24
INV-1912,C,Clothing,5,291.05,1455.25,Cash,6.4,2024-06-03
INV-1913,A,Electronics,5,133.94,669.7,Cash,4.2,2024-12-21
INV-1914,C,Beauty,6,112.0,672.0,Ewallet,4.9,2024-05-23
INV-1915,C,Sports,3,443.04,1329.12,Cash,7.5,2024-09-11
INV-1916,C,Clothing,7,304.86,2134.02,Cash,9.7,2024-10-04
INV-1917,C,Beauty,8,154.9,1239.2,Credit card,6.1,2024-06-14
INV-1918,C,Beauty,3,480.21,1440.63,Credit card,8.5,2024-07-29
INV-1919,B,Electronics,6,253.41,1520.46,Cash,4.0,2024-02-24
INV-1920,A,Clothing,5,281.47,1407.35,Cash,9.6,2024-08-22
INV-1921,B,Clothing,10,383.31,3833.1,Cash,4.8,2024-05-23
INV-1922,B,Sports,3,11.47,34.41,Ewallet,9.3,2024-08-18
INV-1923,C,Sports,4,389.67,1558.68,Ewallet,5.7,2024-12-20
INV-1924,A,Clothing,2,251.83,503.66,Ewallet,6.1,2024-04-23
INV-1925,C,Clothing,9,178.59,1607.31,Credit card,7.9,2024-11-16
INV-1926,A,Food,4,23.95,95.8,Credit card,8.6,2024-10-19
INV-1927,A,Food,6,129.89,779.34,Ewallet,9.0,2024-10-23
INV-1928,B,Beauty,1,414.65,414.65,Cash,8.4,2024-10-24
INV-1929,A,Clothing,5,480.82,2404.1,Credit card,5.6,2024-06-04
INV-1930,A,Clothing,4,125.23,500.92,Credit card,6.4,2024-06-05
INV-1931,C,Sports,7,226.11,1582.77,Credit card,6.8,2024-05-11
INV-1932,B,Beauty,2,131.68,263.36,Credit card,8.1,2024-10-04
INV-1933,B,Sports,8,354.76,2838.08,Cash,8.9,2024-03-02
INV-1934,C,Food,7,341.36,2389.52,Cash,9.4,2024-11-18
INV-1935,A,Sports,7,84.79,593.53,Ewallet,6.6,2024-05-20
INV-1936,B,Electronics,2,270.61,541.22,Ewallet,7.0,2024-02-18
INV-1937,B,Beauty,7,153.37,1073.59,Cash,5.0,2024-02-12
INV-1938,C,Sports,10,428.81,4288.1,Ewallet,5.0,2024-07-08
INV-1939,A,Beauty,7,97.6,683.2,Credit card,6.6,2024-03-27
INV-1940,B,Beauty,6,399.84,2399.04,Credit card,5.2,2024-03-30
INV-1941,A,Sports,2,428.22,856.44,Ewallet,4.5,2024-04-23
INV-1942,A,Beauty,5,393.99,1969.95,Ewallet,8.3,2024-09-14
INV-1943,B,Food,2,29.95,59.9,Ewallet,7.8,2024-06-09
INV-1944,C,Sports,9,140.49,1264.41,Cash,8.5,2024-12-16
INV-1945,C,Food,7,257.98,1805.86,Ewallet,8.8,2024-01-15
INV-1946,A,Beauty,8,274.56,2196.48,Ewallet,5.2,2024-05-15
INV-1947,B,Beauty,8,207.24,1657.92,Ewallet,8.0,2024-12-30
INV-1948,B,Clothing,9,20.78,187.02,Cash,9.7,2024-08-13
INV-1949,C,Electronics,10,77.81,778.1,Credit card,4.3,2024-04-04
INV-1950,C,Sports,7,63.24,442.68,Ewallet,4.7,2024-01-08
INV-1951,B,Food,7,245.86,1721.02,Cash,4.3,2024-08-19
INV-1952,B,Beauty,5,73.18,365.9,Credit card,5.8,2024-11-29
INV-1953,B,Clothing,9,265.77,2391.93,Credit card,5.8,2024-10-09
INV-1954,C,Electronics,10,268.03,2680.3,Cash,8.3,2024-01-09
INV-1955,A,Clothing,4,200.51,802.04,Credit card,9.8,2024-10-03
INV-1956,C,Beauty,3,488.59,1465.77,Credit card,7.6,2024-05-02
INV-1957,C,Electronics,7,459.65,3217.55,Credit card,9.2,2024-08-10
INV-1958,B,Electronics,7,424.89,2974.23,Cash,5.7,2024-05-24
INV-1959,B,Food,7,355.58,2489.06,Cash,4.1,2024-12-23
INV-1960,C,Clothing,4,140.19,560.76,Cash,9.3,2024-01-22
INV-1961,B,Electronics,1,237.53,237.53,Credit card,5.3,2024-10-27
INV-1962,B,Clothing,4,57.72,230.88,Cash,9.7,2024-04-11
INV-1963,A,Sports,4,495.7,1982.8,Cash,4.8,2024-08-29
INV-1964,B,Electronics,2,266.38,532.76,Cash,7.6,2024-05-19
INV-1965,B,Electronics,3,82.18,246.54,Credit card,4.7,2024-03-03
INV-1966,A,Clothing,5,194.62,973.1,Credit card,6.8,2024-03-16
INV-1967,B,Food,6,113.49,680.94,Cash,5.3,2024-12-18
INV-1968,B,Food,1,446.36,446.36,Ewallet,9.5,2024-07-21
INV-1969,B,Beauty,6,73.05,438.3,Cash,9.1,2024-02-11
INV-1970,A,Food,4,393.96,1575.84,Cash,8.3,2024-04-26
INV-1971,B,Electronics,7,207.83,1454.81,Cash,8.8,2024-09-25
INV-1972,A,Sports,4,250.91,1003.64,Credit card,6.3,2024-08-17
INV-1973,A,Electronics,3,17.88,53.64,Cash,7.3,2024-01-16
INV-1974,C,Beauty,3,263.85,791.55,Cash,8.1,2024-07-20
INV-1975,C,Electronics,8,232.65,1861.2,Cash,4.0,2024-02-04
INV-1976,C,Electronics,3,456.81,1370.43,Cash,6.3,2024-01-24
INV-1977,C,Sports,2,470.38,940.76,Cash,9.4,2024-11-09
INV-1978,A,Clothing,10,34.11,341.1,Cash,6.6,2024-06-05
INV-1979,B,Beauty,7,414.03,2898.21,Ewallet,4.6,2024-06-07
INV-1980,C,Sports,3,468.92,1406.76,Ewallet,7.8,2024-08-24
INV-1981,B,Food,2,294.93,589.86,Credit card,7.7,2024-02-07
INV-1982,B,Food,3,161.74,485.22,Ewallet,6.8,2024-02-09
INV-1983,B,Clothing,7,236.99,1658.93,Ewallet,4.2,2024-04-29
INV-1984,C,Clothing,9,137.33,1235.97,Ewallet,7.2,2024-08-31
INV-1985,A,Electronics,10,34.93,349.3,Credit card,8.7,2024-10-19
INV-1986,A,Food,6,455.87,2735.22,Ewallet,7.9,2024-08-25
INV-1987,A,Electronics,6,107.09,642.54,Credit card,9.5,2024-05-18
INV-1988,C,Food,2,346.25,692.5,Credit card,7.2,2024-09-29
INV-1989,C,Beauty,6,473.26,2839.56,Ewallet,8.7,2024-03-15
INV-1990,C,Clothing,6,79.38,476.28,Ewallet,5.4,2024-08-07
INV-1991,A,Food,2,351.37,702.74,Credit card,8.5,2024-06-02
INV-1992,A,Beauty,7,187.38,1311.66,Cash,5.1,2024-03-08
INV-1993,B,Clothing,2,360.5,721.0,Ewallet,7.3,2024-09-26
INV-1994,A,Beauty,10,82.7,827.0,Credit card,8.1,2024-04-30
INV-1995,C,Food,7,335.99,2351.93,Credit card,6.1,2024-02-26
INV-1996,A,Food,8,335.86,2686.88,Ewallet,5.6,2024-10-17
INV-1997,A,Clothing,5,32.39,161.95,Cash,8.7,2024-06-14
INV-1998,C,Food,6,314.6,1887.6,Credit card,9.2,2024-07-17
INV-1999,A,Food,4,120.6,482.4,Credit card,8.2,2024-03-11
INV-2000,A,Sports,7,282.61,1978.27,Ewallet,9.0,2024-05-19
